full_name,stars,releases,created_at,age_years,loc,avg_cbo,avg_dit,avg_lcom,total_classes,total_comment_lines,java_files_count,,
Snailclimb/JavaGuide,151739,0,2018-05-07,"7,36",0,0,0,0,0,0,0,,
krahets/hello-algo,116714,9,2022-11-04,"2,86",7707,"1,87",1,"4,71",215,5199,255,,
GrowingGit/GitHub-Chinese-Top-Charts,102181,0,2019-09-05,"6,03",5,0,1,0,1,1,1,,
iluwatar/java-design-patterns,92667,0,2014-08-09,"11,1",35484,"3,36","1,2","1,84",1894,58547,1813,,
macrozheng/mall,81573,3,2018-04-04,"7,45",100903,"3,93","1,24","1110,8",760,3062,526,,
spring-projects/spring-boot,78384,320,2012-10-19,"12,91",39025,"5,87","1,4","23,9",803,18265,692,,
doocs/advanced-java,78238,1,2018-10-06,"6,94",5,0,1,0,1,3,1,,
MisterBooo/LeetCodeAnimation,76449,0,2018-12-06,"6,78",78,1,1,0,4,21,11,,
elastic/elasticsearch,73787,206,2010-02-08,"15,6",0,0,0,0,0,315179,13867,,
Stirling-Tools/Stirling-PDF,67337,138,2023-01-27,"2,63",35343,"8,18","1,23","16,5",585,5940,459,,
kdn251/interviews,64462,0,2017-02-14,"8,58",5621,"1,19",1,"0,29",257,6637,515,,
TheAlgorithms/Java,63363,0,2016-07-16,"9,17",57505,"2,06","1,04","7,96",1501,25571,1309,,
NationalSecurityAgency/ghidra,60478,46,2019-03-01,"6,54",0,0,0,0,0,720436,15050,,
spring-projects/spring-framework,58835,343,2010-12-08,"14,77",751483,"5,23","1,48","29,56",18303,412436,9029,,
google/guava,51111,56,2014-05-29,"11,3",254167,"4,04","1,8","48,05",6431,199450,3242,,
ReactiveX/RxJava,48332,241,2013-01-08,"12,68",370515,"2,52","1,32","47,46",11867,81127,1884,,
skylot/jadx,45483,32,2013-03-18,"12,5",128305,"4,46","1,67","32,22",2883,7281,1759,,
dbeaver/dbeaver,45396,231,2015-10-21,"9,9",0,0,0,0,0,145648,5923,,
termux/termux-app,45073,95,2015-10-23,"9,9",24562,"5,91","1,43","60,83",321,11756,197,,
jeecgboot/JeecgBoot,43859,63,2018-11-26,"6,8",46549,"7,17","1,18","49,89",828,31072,822,,
apache/dubbo,41352,111,2012-06-19,"13,24",250867,"5,42","1,29","46,11",4902,102939,3990,,
PhilJay/MPAndroidChart,38106,44,2014-04-25,"11,39",21111,"8,84","1,98","91,03",306,9111,223,,
eugenp/tutorials,37256,0,2013-04-29,"12,38",526493,"4,12","1,11","5,97",23809,36359,22819,,
halo-dev/halo,36913,227,2018-03-21,"7,49",52286,"7,53","1,26","6,81",1591,9983,1170,,
alibaba/arthas,36715,59,2018-08-29,"7,05",47805,"4,73","1,36","36,66",952,13349,724,,
geekxh/hello-algorithm,35775,0,2020-05-29,"5,3",61,1,1,0,3,969,73,,
airbnb/lottie-android,35472,59,2016-10-06,"8,94",17883,"6,9","1,29","33,41",293,3895,234,,
TeamNewPipe/NewPipe,35084,137,2015-09-03,"10,03",41538,"8,29","1,65","43,23",586,9085,358,,
bumptech/glide,34949,54,2013-07-08,"12,19",60913,6,"1,24","19,97",1516,15455,723,,
doocs/leetcode,34942,21,2018-09-16,7,4414,"2,57","1,01","0,34",164,6310,4071,,
netty/netty,34430,0,2010-11-09,"14,85",381682,"4,42","1,51","67,04",7909,135677,3451,,
xkcoding/spring-boot-demo,33906,0,2017-11-10,"7,85",7163,"5,05","1,13","2,32",482,7427,484,,
Blankj/AndroidUtilCode,33645,117,2016-07-30,"9,13",39995,"4,17","1,36","144,95",670,18247,275,,
zxing/zxing,33586,31,2011-10-12,"13,93",40029,"4,98","1,66","22,97",595,18352,515,,
YunaiV/ruoyi-vue-pro,33216,46,2021-01-24,"4,64",93443,"7,9","1,22","16,29",3748,64152,3677,,
SeleniumHQ/selenium,33199,108,2013-01-14,"12,67",88479,"5,96","1,38","32,73",1869,30274,1249,,
alibaba/nacos,32046,84,2018-06-15,"7,25",184578,"5,71","1,29","22,91",4000,97844,3153,,
binarywang/WxJava,31905,30,2016-01-06,"9,69",112951,"5,51","1,21","20,32",5087,123021,3618,,
apache/kafka,30902,0,2011-08-15,"14,09",674158,"7,79","1,44","63,05",8468,224540,5580,,
ityouknow/spring-boot-examples,30605,0,2016-11-05,"8,86",4461,"4,73","1,03","5,03",307,650,595,,
chinabugotech/hutool,30069,153,2014-04-13,"11,43",131789,"3,53","1,28","102,2",2656,115292,2215,,
apolloconfig/apollo,29655,41,2016-03-04,"9,53",33499,"7,27","1,26","14,99",737,13472,648,,
keycloak/keycloak,29588,88,2013-07-02,"12,21",512681,"6,86","1,54","73,33",8663,175217,6920,,
alibaba/canal,29366,32,2013-01-13,"12,67",112590,"5,81","1,38","77,36",1049,20099,698,,
xuxueli/xxl-job,29303,39,2015-11-28,"9,8",8854,"4,78","1,13","20,43",171,3644,141,,
conductor-oss/conductor,29086,26,2023-12-08,"1,77",63831,"7,79","1,27","91,49",837,17682,677,,
wuyouzhuguli/SpringAll,28958,0,2018-05-02,"7,37",6035,"5,24","1,11","3,75",378,1665,661,,
alibaba/spring-cloud-alibaba,28759,48,2017-12-01,"7,79",18912,"5,81","1,11","29,61",596,11092,456,,
alibaba/druid,28194,51,2011-11-03,"13,87",339825,"5,09","1,94","230,3",5839,69222,5198,,
lenve/vhr,27943,0,2018-01-04,"7,7",2971,"4,44","1,02","48,33",94,402,92,,
DrKLO/Telegram,27535,95,2013-10-25,"11,89",1606325,"6,84","1,66","65,09",13383,109486,2772,,
crossoverJie/JCSprout,27069,0,2017-12-17,"7,75",4399,"1,96","1,09","1,77",162,1429,109,,
qiurunze123/miaosha,26510,0,2018-09-14,7,8581,"4,15","1,13","14,3",286,2447,277,,
ashishps1/awesome-system-design-resources,25985,0,2023-10-25,"1,89",336,"0,82",1,0,11,60,11,,
apache/incubator-seata,25800,44,2018-12-28,"6,72",233989,"6,56","1,82","520,97",3648,98084,2441,,
JakeWharton/butterknife,25483,0,2013-03-05,"12,53",7712,"3,96","1,24","10,48",272,716,156,,
hollischuang/toBeTopJavaer,25464,0,2018-10-25,"6,89",0,0,0,0,0,0,0,,
apache/flink,25261,0,2014-06-07,"11,27",1132652,"7,15","1,64","34,94",24312,486317,14089,,
scwang90/SmartRefreshLayout,25154,14,2017-06-02,"8,29",18146,"6,65","1,51","30,32",341,4751,160,,
OpenAPITools/openapi-generator,24826,73,2018-05-12,"7,35",257884,"5,17","1,24","83,81",4324,468105,12275,,
Anuken/Mindustry,24810,168,2017-04-30,"8,38",0,0,0,0,0,8705,805,,
greenrobot/EventBus,24762,7,2012-07-16,"13,17",5269,"3,43","1,84","9,05",183,1727,97,,
bazelbuild/bazel,24560,212,2014-06-12,"11,26",587269,"7,53","1,62","67,89",10652,243233,5589,,
apache/skywalking,24518,62,2015-11-07,"9,86",93245,"6,11","1,4","5,5",2875,44723,2130,,
yuliskov/SmartTube,24469,913,2020-07-28,"5,13",237990,"6,65","1,55","65,91",3210,93577,1614,,
jenkinsci/jenkins,24433,443,2010-11-22,"14,81",186289,"6,24","1,9","46,25",4103,89022,1825,,
Netflix/Hystrix,24398,79,2012-11-19,"12,82",62010,"3,34","1,57","20,25",2005,17719,411,,
libgdx/libgdx,24342,14,2012-08-10,"13,1",292333,"5,12","1,8","3441,3",4096,74539,2430,,
CodePhiliaX/Chat2DB,24246,43,2023-06-20,"2,24",35180,"6,09","1,27","16,49",1045,19354,1014,,
google/gson,24041,12,2015-03-19,"10,49",34449,"3,02","1,28","20,6",1076,11948,258,,
redisson/redisson,24030,173,2014-01-11,"11,68",168643,"5,96","1,34","180,67",2848,105376,2977,,
doocs/source-code-hunter,22955,0,2019-10-28,"5,89",5,0,1,0,1,3,1,,
iBotPeaches/Apktool,22902,26,2012-03-19,"13,49",12392,"5,91","1,92",51,182,3423,164,,
alibaba/Sentinel,22901,25,2018-04-04,"7,45",55434,"4,42","1,18","12,48",1514,31178,1209,,
EnterpriseQualityCoding/FizzBuzzEnterpriseEdition,22779,0,2012-11-24,"12,81",894,"2,9",1,"0,23",91,677,89,,
apache/rocketmq,22093,22,2016-11-30,"8,79",215109,"6,88","1,33","121,7",2860,47318,2107,,
google/ExoPlayer,21879,28,2014-06-13,"11,26",262348,"7,59","1,3","52,22",3281,122153,1638,,
dataease/dataease,21858,98,2021-02-02,"4,62",42741,"4,95","1,21","27,77",1099,6389,1000,,
elunez/eladmin,21787,1,2018-12-14,"6,75",8063,"8,01","1,16","6,2",282,8180,274,,
openjdk/jdk,21697,0,2018-09-17,7,0,0,0,0,0,3316166,51502,,
LSPosed/LSPosed,21561,39,2020-12-12,"4,76",22952,"5,52","1,65","48,11",427,4790,230,,
kestra-io/kestra,21160,307,2019-08-24,"6,06",66283,"8,21","1,46","14,94",1918,8758,1652,,
CarGuo/GSYVideoPlayer,21092,53,2016-11-13,"8,84",31928,"5,49","1,58","55,36",636,7332,278,,
oracle/graal,21086,32,2016-01-14,"9,67",0,0,0,0,0,715743,14394,,
brettwooldridge/HikariCP,20712,0,2013-10-08,"11,94",11464,"4,38","1,29","172,67",185,4091,113,,
kunal-kushwaha/DSA-Bootcamp-Java,20646,0,2021-07-30,"4,13",6614,"1,27","1,08","3,5",253,898,256,,
apache/shardingsphere,20449,58,2016-01-18,"9,66",201395,"6,97","1,44","28,32",7844,159169,7647,,
didi/DoKit,20387,14,2018-08-14,"7,09",80480,"4,51","1,32","71,77",1569,28503,732,,
mybatis/mybatis-3,20228,46,2013-02-14,"12,58",60434,"3,54","1,24","20,95",1744,28317,1390,,
ReactiveX/RxAndroid,20076,20,2014-08-19,"11,07",1452,"2,27","1,13","3,09",55,248,12,,
linlinjava/litemall,19917,8,2018-03-22,"7,49",90884,"4,62","1,13","1532,88",617,40886,333,,
yudaocode/SpringBoot-Labs,19857,0,2018-09-12,"7,01",17714,"4,3","1,05","1,44",1463,8690,2070,,
xiaojieonly/Ehviewer_CN_SXJ,19703,107,2020-11-09,"4,85",74646,"6,88","1,72","68,42",910,14729,514,,
thingsboard/thingsboard,19703,70,2016-12-01,"8,79",0,0,0,0,0,73488,4302,,
dianping/cat,18933,3,2012-12-05,"12,78",98001,"5,53","1,43","23,04",1892,23110,1359,,
Baseflow/PhotoView,18871,5,2012-07-17,"13,16",1792,"4,73","1,36","24,6",45,362,25,,
JetBrains/intellij-community,18782,4,2011-09-30,"13,96",0,0,0,0,0,526335,88117,,
antlr/antlr4,18336,31,2010-02-04,"15,61",41027,"5,77","1,84","48,3",662,16994,523,,
williamfiset/Algorithms,18220,0,2017-03-18,"8,5",32495,"2,61","1,05","16,2",463,9305,316,,
Tencent/APIJSON,18192,110,2016-11-21,"8,82",13844,"5,89","1,24","1165,57",70,6050,68,,
dromara/Sa-Token,18158,38,2020-02-03,"5,62",26943,"4,51","1,22","61,15",748,38026,949,,
LMAX-Exchange/disruptor,17981,14,2012-09-21,"12,98",13167,"4,48","1,29","25,88",410,7099,240,,
forezp/SpringCloudLearning,17973,0,2017-04-08,"8,44",1123,"4,55","1,05","0,55",143,1356,349,,
ashishps1/awesome-low-level-design,17950,0,2023-11-17,"1,83",14591,"2,63","1,14","3,05",792,958,787,,
YunaiV/yudao-cloud,17852,32,2019-05-02,"6,37",91701,"7,85","1,21","16,08",3792,61297,3738,,
Tencent/tinker,17547,60,2016-09-06,"9,02",40448,"4,79","1,6","28,47",520,10621,303,,
openzipkin/zipkin,17306,97,2012-06-06,"13,28",0,0,0,0,0,7152,439,,
infinilabs/analysis-ik,17212,1,2011-12-16,"13,75",2571,"4,82","1,37","15,42",38,1451,33,,
justauth/JustAuth,17188,46,2019-01-31,"6,62",6054,"5,51","1,34","12,98",198,3336,147,,
facebook/fresco,17137,55,2015-03-02,"10,54",50422,"6,65","1,42","28,76",1055,15964,616,,
baomidou/mybatis-plus,17105,38,2016-08-18,"9,08",39071,"5,91","1,33","25,07",1042,27244,923,,
ben-manes/caffeine,17035,71,2014-12-13,"10,76",85095,"4,91","1,59","163,17",1336,21061,629,,
material-components/material-components-android,16953,112,2016-12-05,"8,78",114509,"7,13","1,54","91,92",2060,46132,939,,
nostra13/Android-Universal-Image-Loader,16930,0,2011-11-27,"13,8",7434,"4,86","1,59","28,84",140,5297,88,,
alibaba/DataX,16804,7,2018-01-18,"7,66",81194,"4,5","1,72","22,65",1222,9752,864,,
winterbe/java8-tutorial,16778,0,2014-03-16,"11,5",2081,"1,03",1,"3,91",88,409,68,,
shuzheng/zheng,16730,0,2016-10-04,"8,95",41742,"4,53","1,41","340,86",509,3467,379,,
Grasscutters/Grasscutter,16665,20,2022-04-17,"3,41",0,0,0,0,0,476433,5386,,
heibaiying/BigData-Notes,16646,0,2019-03-10,"6,52",2124,"5,71","1,22","0,82",77,685,69,,
JeffLi1993/springboot-learning-example,16555,0,2017-02-06,"8,61",1641,"4,61","1,04","2,85",114,1813,201,,
gyoogle/tech-interview-for-developer,16527,0,2019-06-09,"6,27",636,"1,31",1,"0,92",13,61,10,,
prestodb/presto,16499,12,2012-08-09,"13,1",752095,"8,81","1,38","77,66",12349,165357,9078,,
questdb/questdb,16111,93,2014-04-28,"11,38",0,0,0,0,0,150597,4225,,
android-hacker/VirtualXposed,15828,50,2017-12-01,"7,79",47736,"3,95","2,79","14,7",1453,5238,548,,
dyc87112/SpringBoot-Learning,15788,0,2016-08-21,"9,07",2790,"4,45","1,03","1,45",269,1080,372,,
android10/Android-CleanArchitecture,15564,0,2014-08-19,"11,07",2260,"5,14","1,43","6,72",105,1715,81,,
mockito/mockito,15275,222,2012-10-13,"12,92",52190,"3,47","1,4","18,33",2100,21131,989,,
apache/hadoop,15260,0,2014-08-28,"11,05",1683074,"7,43","1,61","69,79",22139,603353,12338,,
Konloch/bytecode-viewer,15212,61,2014-10-14,"10,92",21761,"4,74","2,05","13,69",414,9356,306,,
neo4j/neo4j,15064,72,2012-11-12,"12,84",0,0,0,0,0,246695,7966,,
quarkusio/quarkus,14963,415,2018-07-06,"7,2",904879,"5,14","1,22","55,22",31368,151352,20048,,
zhisheng17/flink-learning,14927,0,2019-01-01,"6,7",14454,"4,28","1,13","3,3",592,5899,391,,
apache/pulsar,14848,112,2016-06-28,"9,22",521132,"6,88","1,71","85,36",7402,161670,4403,,
java-decompiler/jd-gui,14738,18,2015-03-25,"10,48",19309,"4,54","2,42","11,12",407,2696,222,,
elastic/logstash,14633,206,2010-11-18,"14,83",40167,"5,42","1,64","21,13",854,15265,570,,
eclipse-vertx/vert.x,14567,0,2011-06-17,"14,25",0,0,0,0,0,34856,1023,,
hdodenhof/CircleImageView,14534,0,2014-01-17,"11,66",360,11,"2,33","178,67",3,22,2,,
supertokens/supertokens-core,14515,91,2020-01-05,"5,69",107469,11,"1,6","71,14",974,16285,730,,
Tencent/QMUI_Android,14515,35,2017-04-21,"8,4",58309,"5,47","1,63","35,34",1066,10435,376,,
alibaba/ARouter,14490,16,2016-12-14,"8,76",3165,"3,69","1,41","17,45",98,1532,81,,
arduino/Arduino,14422,37,2010-09-17,15,25793,"4,13","1,77","32,72",450,10579,277,,
apache/doris,14270,74,2017-08-10,"8,1",602576,"8,46","1,74","118,19",8309,177136,5972,,
theonedev/onedev,14255,430,2018-11-06,"6,86",329841,"5,84","1,41","26,03",8210,13666,3545,,
deeplearning4j/deeplearning4j,14098,0,2013-11-27,"11,8",558237,"8,44","2,19","54799,52",5669,208207,4244,,
zaproxy/zaproxy,14098,16,2015-06-03,"10,29",183106,"4,74","1,91","69,65",2523,82453,1402,,
GoogleContainerTools/jib,14020,168,2018-01-22,"7,65",35271,"7,06","1,22","17,07",704,19165,600,,
Netflix/zuul,13890,28,2013-03-13,"12,51",21592,"6,51","1,61","24,89",501,9336,366,,
orhanobut/logger,13888,16,2015-03-20,"10,49",827,"5,83","1,17","14,94",18,277,14,,
apache/dolphinscheduler,13830,53,2019-03-01,"6,54",97369,"6,53","1,38","11,46",2765,61360,2536,,
apache/druid,13825,68,2012-10-23,"12,9",764074,"7,86","1,38","62,11",14887,262831,8895,,
seaswalker/spring-analysis,13727,0,2016-09-09,"9,02",378,"2,42","1,24","1,79",33,130,32,,
pinpoint-apm/pinpoint,13711,61,2014-10-20,"10,9",284139,"5,19","1,14","11,43",9027,118559,7232,,
DuGuQiuBai/Java,13702,0,2015-11-25,"9,81",10840,"0,77","1,18","1,08",619,9681,596,,
sqshq/piggymetrics,13697,2,2015-03-29,"10,47",1881,"6,04","1,06","3,83",99,178,97,,
JessYanCoding/AndroidAutoSize,13692,14,2018-08-17,"7,08",1720,"5,41","1,41","31,29",49,2058,45,,
Curzibn/Luban,13675,6,2016-07-24,"9,14",1088,"2,97","1,17","10,86",29,231,16,,
lgvalle/Material-Animations,13658,0,2015-03-08,"10,52",1010,"4,4","1,47","4,76",45,54,15,,
cryptomator/cryptomator,13625,193,2014-02-02,"11,62",17289,"8,32","1,43","18,51",443,1579,387,,
janishar/mit-deep-learning-book-pdf,13587,3,2017-04-07,"8,44",2,0,1,0,1,0,1,,
languagetool-org/languagetool,13572,0,2013-08-08,"12,1",212875,"5,38","1,59","55,2",2604,70362,2032,,
LuckSiege/PictureSelector,13542,116,2017-01-04,"8,7",39103,"5,16","1,24","49,45",737,10975,338,,
Bigkoo/Android-PickerView,13480,0,2014-12-28,"10,72",4421,"3,73","1,15","15,49",91,1197,40,,
kekingcn/kkFileView,13317,16,2017-12-12,"7,76",9418,"6,94","1,05","167,28",82,1398,77,,
projectlombok/lombok,13272,0,2009-06-08,"16,27",0,0,0,0,0,18861,1873,,
macrozheng/mall-learning,13254,0,2019-04-12,"6,43",14384,"4,97","1,1","229,51",249,6523,623,,
youth5201314/banner,13033,0,2016-04-22,"9,4",2724,"6,08","1,84","47,68",73,594,56,,
ashishps1/awesome-leetcode-resources,12965,0,2023-10-25,"1,89",360,"1,18",1,"4,73",11,127,8,,
pxb1988/dex2jar,12904,8,2015-03-16,"10,5",41715,"5,43","1,57","21,13",571,6649,318,,
facebook/stetho,12708,13,2015-01-22,"10,65",19241,"4,38","1,42","7,5",588,3952,258,,
codecentric/spring-boot-admin,12687,137,2014-07-25,"11,14",13740,"7,76","1,26","7,21",464,7079,361,,
google/guice,12677,19,2014-05-28,"11,3",84679,"3,8","1,3","8,45",3880,21829,631,,
alibaba/COLA,12654,11,2018-02-06,"7,61",9619,"4,33","1,33","4,97",559,3040,546,,
greenrobot/greenDAO,12626,8,2011-10-22,"13,9",18545,"5,02","2,1","47,45",364,5123,245,,
Netflix/eureka,12623,151,2012-07-26,"13,14",32879,"5,88","1,27","18,57",742,10711,408,,
macrozheng/mall-swarm,12604,3,2019-11-25,"5,81",101603,"3,79","1,23","1106,23",764,4357,533,,
apache/zookeeper,12598,0,2009-03-27,"16,47",122448,"5,67","2,01","36,86",1753,42552,958,,
zhihu/Matisse,12565,15,2017-04-13,"8,43",3418,"6,66","1,39","8,08",76,1150,48,,
daimajia/AndroidViewAnimations,12471,9,2014-06-23,"11,23",965,"3,38","1,8","2,29",82,1465,69,,
metersphere/metersphere,12462,179,2020-02-03,"5,62",322032,"6,68","1,3","445,99",3704,27330,2706,,
daimajia/AndroidSwipeLayout,12408,18,2014-08-25,"11,06",2770,"3,72","1,32","58,91",74,215,22,,
pagehelper/Mybatis-PageHelper,12338,15,2014-06-09,"11,27",7390,"5,81","1,44","29,64",181,5917,161,,
redis/jedis,12152,114,2010-06-11,"15,26",109769,"5,54","1,42","530,37",1221,23105,844,,
amitshekhariitbhu/android-interview-questions,12075,0,2017-07-09,"8,19",5,0,1,0,1,0,1,,
plantuml/plantuml,12071,60,2010-11-04,"14,86",186959,"7,13","1,54","36,51",3935,164768,3438,,
Yalantis/uCrop,12042,20,2016-01-05,"9,69",4707,"6,34","1,36","28,91",77,998,35,,
Tencent/matrix,11901,16,2018-12-11,"6,76",79032,"5,68","1,34","12,89",1393,10977,493,,
trinodb/trino,11872,0,2019-01-19,"6,66",0,0,0,0,0,197584,10662,,
Tencent/VasSonic,11871,10,2017-08-01,"8,12",7421,"4,2","1,28","21,61",111,3104,47,,
Team-xManager/xManager,11853,51,2021-02-08,"4,6",21822,"2,02","1,02","4,73",524,1,8,,
grpc/grpc-java,11841,180,2014-12-08,"10,77",257829,"5,6","1,4","13,48",5494,65621,1562,,
debezium/debezium,11837,0,2016-01-22,"9,65",210033,"6,82","1,58","55,66",3377,64070,2591,,
frank-lam/fullstack-tutorial,11682,0,2018-04-13,"7,43",0,0,0,0,0,0,0,,
code4craft/webmagic,11626,33,2013-04-23,"12,4",8794,"4,53","1,18","11,47",344,2602,255,,
xpipe-io/xpipe,11626,121,2023-01-27,"2,64",61479,"6,95","1,57","18,78",1481,1408,928,,
opensearch-project/OpenSearch,11548,59,2021-01-29,"4,63",1267634,"7,45","1,74","38,45",18821,440782,10900,,
OpenRefine/OpenRefine,11510,72,2012-10-15,"12,92",73059,"6,67","1,69","12,78",1401,32528,1075,,
realm/realm-java,11483,0,2012-04-20,"13,4",110167,"4,29","1,21","51,75",1912,32274,676,,
careercup/CtCI-6th-Edition,11459,0,2015-07-02,"10,21",21093,"2,13","1,07","4,48",609,1661,584,,
gyf-dev/ImmersionBar,11448,0,2017-04-19,"8,41",7237,"6,35","2,11","159,25",142,2802,119,,
PaperMC/Paper,11407,0,2016-01-22,"9,65",160600,"6,9","1,69","111,82",4165,118270,3463,,
newbee-ltd/newbee-mall,11394,0,2019-09-21,"5,99",3935,"5,03","1,07","34,91",89,1478,88,,
provectus/kafka-ui,11288,25,2019-11-26,"5,8",18139,"7,24","1,51","17,13",513,788,416,,
jhy/jsoup,11243,20,2009-12-19,"15,74",38014,"6,31","1,81","240,08",408,9031,179,,
permissions-dispatcher/PermissionsDispatcher,11228,40,2015-08-15,"10,09",3184,"1,62","1,23","34,38",119,133,30,,
mission-peace/interview,11210,0,2014-07-20,"11,16",27259,"2,01","1,04","3,41",667,5514,534,,
apereo/cas,11195,303,2011-09-09,"14,02",228308,"9,24","1,5","7,81",8987,94416,6967,,
H07000223/FlycoTabLayout,11120,4,2015-11-09,"9,85",2730,"6,45","1,55","223,09",33,222,16,,
beemdevelopment/Aegis,11116,72,2016-08-15,"9,08",24021,"7,45","1,71","22,87",454,873,259,,
lingochamp/FileDownloader,11111,65,2015-12-22,"9,73",14387,"4,53","1,69","42,01",269,5373,117,,
LawnchairLauncher/lawnchair,11111,30,2017-03-03,"8,54",248520,"10,32","1,58","97,1",3250,77648,1615,,
daniulive/SmarterStreaming,11110,0,2016-03-26,"9,47",10750,"3,85","1,05","71,55",172,7998,39,,
jfeinstein10/SlidingMenu,11045,0,2012-06-30,"13,21",3085,"5,12","1,96","47,45",74,1030,33,,
datahub-project/datahub,11028,104,2015-11-18,"9,83",186627,"11,42","1,21","17,23",3288,30721,2830,,
doocs/jvm,10969,0,2018-06-23,"7,23",5,0,1,0,1,3,1,,
ssssssss-team/spider-flow,10911,2,2020-03-27,"5,47",8748,"5,39","1,73","20,33",161,993,130,,
microg/GmsCore,10909,41,2014-04-23,"11,4",54595,"5,73","1,71","14,23",1807,29835,1331,,
apple/pkl,10851,16,2024-01-19,"1,66",61367,"6,3","4,39","28,38",1622,16676,706,,
jwtk/jjwt,10845,9,2014-09-13,"11,01",16052,"5,62","1,99","25,83",555,20896,408,,
asLody/VirtualApp,10750,0,2016-07-06,"9,19",46624,"3,94","2,59","15,61",1420,4847,553,,
TooTallNate/Java-WebSocket,10735,19,2010-01-20,"15,65",12805,"3,56","1,82","36,62",261,7600,168,,
clojure/clojure,10717,0,2010-06-29,"15,21",46876,"3,6","1,5","130,39",917,12856,185,,
StarRocks/starrocks,10664,154,2021-09-04,"4,03",731734,"7,32","1,49","135,87",9461,142766,5190,,
android-async-http/android-async-http,10632,3,2011-02-20,"14,57",7620,"5,66","1,79","45,88",154,3463,84,,
jeasonlzy/okhttp-OkGo,10602,14,2016-01-15,"9,67",13418,"5,65","1,62","19,45",361,6031,192,,
google/auto,10519,66,2013-05-22,"12,32",31941,"4,11","1,71","25,59",1139,10963,320,,
Activiti/Activiti,10424,1947,2012-09-13,13,155578,"5,8","1,53","89,41",3407,71373,3048,,
zfile-dev/zfile,10386,67,2019-08-19,"6,08",12385,"7,01","1,5","9,45",414,6252,395,,
resilience4j/resilience4j,10363,35,2015-06-03,"10,29",61840,7,"1,47","18,97",1594,30108,1328,,
JessYanCoding/MVPArms,10287,25,2016-08-06,"9,11",5986,"6,64","1,28","32,1",149,4968,110,,
awsdocs/aws-doc-sdk-examples,10205,0,2016-08-18,"9,08",81846,"7,04","1,04","6,19",1673,26560,1585,,
signalapp/Signal-Server,10074,0,2013-12-09,"11,77",59915,"9,13","1,48","13,72",1274,10782,1133,,
stanfordnlp/CoreNLP,9966,19,2013-06-27,"12,22",557599,"5,92","1,65","148,58",4305,137415,2123,,
wasabeef/glide-transformations,9926,0,2015-01-09,"10,68",991,"5,56","2,15","2,78",27,443,25,,
paascloud/paascloud-master,9897,0,2018-03-17,"7,5",16428,"6,1","1,32","5,46",742,23194,719,,
uknownothingsnow/JsBridge,9888,0,2015-02-26,"10,55",1160,"3,5","1,16","17,09",32,223,16,,
SonarSource/sonarqube,9881,65,2011-01-05,"14,69",412322,"7,2","1,18","26,59",8617,176836,7744,,
hackware1993/MagicIndicator,9802,12,2016-06-26,"9,22",4533,5,"1,34","26,94",103,316,45,,
HarlonWang/AVLoadingIndicatorView,9770,1,2015-10-24,"9,89",2161,"3,57","1,78","6,75",92,173,35,,
OpenFeign/feign,9737,39,2013-06-26,"12,22",37446,"5,14","1,68","13,27",1247,12287,482,,
YoKeyword/Fragmentation,9723,30,2016-02-23,"9,56",8981,"5,23","1,71","15,12",284,1615,125,,
xuchengsheng/spring-reading,9705,0,2023-09-15,2,3078,"2,81","1,03","0,54",290,1846,448,,
lihengming/spring-boot-api-project-seed,9685,4,2017-06-23,"8,23",484,5,"1,27","9,73",15,120,13,,
perwendel/spark,9660,0,2011-05-05,"14,37",9588,"4,54","1,3","47,12",221,6650,184,,
ksoichiro/Android-ObservableScrollView,9650,0,2014-11-08,"10,85",12621,"5,01","1,97","7,57",335,2970,148,,
koral--/android-gif-drawable,9630,61,2013-01-30,"12,63",2920,"6,16","1,66","59,73",64,1502,43,,
bilibili/DanmakuFlameMaster,9599,5,2013-08-11,"12,1",12879,"5,16","1,61","47,51",172,1391,78,,
spinnaker/spinnaker,9581,15,2014-07-02,"11,21",235523,"6,59","1,57","14,31",8156,111016,6172,,
liaohuqiu/android-Ultra-Pull-To-Refresh,9563,8,2014-11-13,"10,84",5476,"4,06","1,42","19,14",161,650,50,,
MyCATApache/Mycat-Server,9552,7,2014-12-04,"10,78",92943,"4,9","1,29","78,49",1291,31844,1039,,
umano/AndroidSlidingUpPanel,9497,8,2013-05-31,"12,29",2011,"4,94","1,35",132,17,928,4,,
crossoverJie/cim,9442,9,2018-05-20,"7,32",5622,"4,88","1,28","5,74",202,1676,166,,
pockethub/PocketHub,9381,1,2011-09-08,"14,02",6980,"6,58","1,48","9,04",212,5212,191,,
apache/cassandra,9366,0,2009-05-21,"16,32",743025,"6,83","1,77","59,17",12631,207905,5907,,
Justson/AgentWeb,9350,21,2017-05-12,"8,34",11320,"5,4","1,49","18,79",256,2901,130,,
huanghaibin-dev/CalendarView,9313,1,2017-03-11,"8,51",11557,"6,57","2,16","53,18",176,4336,94,,
json-path/JsonPath,9297,10,2011-01-24,"14,64",16468,"4,56","1,49","29,29",368,3455,198,,
spring-projects/spring-security,9296,230,2012-01-10,"13,68",272091,"7,7","1,27","10,5",6699,143599,3984,,
GcsSloop/AndroidNote,9292,0,2016-01-04,"9,7",402,"4,88","1,38","8,12",8,111,3,,
android/testing-samples,9275,0,2014-10-11,"10,93",1849,"5,5","1,35","3,15",86,1889,67,,
cats-oss/android-gpuimage,9127,0,2012-10-04,"12,95",6341,"2,96","2,16","11,3",153,2607,96,,
flyway/flyway,9099,266,2012-12-14,"12,75",30756,"5,93","1,51","52,28",718,21687,713,,
didi/VirtualAPK,9041,4,2017-06-29,"8,21",7981,"4,9","1,61","17,58",163,1370,84,,
langchain4j/langchain4j,8997,51,2023-06-20,"2,24",129280,"6,07","1,18","17,42",3169,24486,1998,,
apache/jmeter,8997,10,2010-05-26,"15,31",127364,"5,49",2,"62,12",1719,75734,1402,,
navasmdc/MaterialDesignLibrary,8971,3,2014-09-30,"10,96",2927,"4,54","1,82","6,76",82,252,30,,
KunMinX/Jetpack-MVVM-Best-Practice,8951,0,2019-10-31,"5,88",3691,"4,84","1,62",12,119,1784,71,,
Freelander/Android_Data,8843,0,2015-04-04,"10,45",116,2,1,3,2,30,2,,
nathanmarz/storm,8811,0,2011-09-17,14,60552,"4,43","1,29","33,07",851,12344,449,,
java-native-access/jna,8803,0,2011-04-29,"14,38",106804,"4,87","2,53","44,94",2365,106957,576,,
laobie/StatusBarUtil,8799,0,2016-02-15,"9,59",1036,"4,15","1,55","22,55",33,326,12,,
apache/seatunnel,8784,52,2017-08-05,"8,11",262549,"6,8","1,37","31,09",4764,86107,3913,,
flowable/flowable-engine,8721,28,2016-10-13,"8,92",521017,"6,61","1,66","152,27",8966,175702,7769,,
Blankj/awesome-java-leetcode,8714,0,2017-04-17,"8,41",1772,"1,68",1,"1,17",72,964,70,,
checkstyle/checkstyle,8674,169,2013-08-31,"12,04",0,0,0,0,0,224605,5743,,
ybq/Android-SpinKit,8664,0,2016-03-20,"9,49",1812,"4,82","3,17","21,52",71,313,42,,
karatelabs/karate,8663,54,2017-02-07,"8,6",40088,"6,63","1,21","115,28",584,9717,509,,
apache/shenyu,8657,13,2018-07-11,"7,18",142375,"5,97","1,24","17,9",3590,128418,3047,,
shwenzhang/AndResGuard,8623,4,2015-10-11,"9,93",6506,"3,53","1,5","22,38",66,1182,49,,
react-native-image-picker/react-native-image-picker,8590,142,2015-06-08,"10,27",811,"6,18","1,55","66,18",11,53,10,,
amitshekhariitbhu/Android-Debug-Database,8564,14,2016-11-16,"8,83",2393,"4,15","1,28","8,8",61,757,54,,
airbnb/epoxy,8559,76,2016-08-08,"9,1",43286,"7,2","1,81","138,77",610,11829,535,,
dropwizard/dropwizard,8555,188,2011-01-19,"14,66",39903,"5,96","1,51","19,18",1376,9155,915,,
junit-team/junit4,8537,13,2009-01-13,"16,67",32946,"3,87","1,46","12,96",1471,7503,471,,
frohoff/ysoserial,8503,1,2015-01-28,"10,63",3851,"5,46","1,34","8,89",120,1025,80,,
ZCShou/GoGoGo,8473,8,2021-12-03,"3,78",3813,"7,71","1,46","12,88",48,380,18,,
google/tsunami-security-scanner,8461,27,2020-06-03,"5,28",8564,"6,26","1,54","14,75",288,4764,197,,
roughike/BottomBar,8389,4,2016-03-16,"9,5",2834,"4,91","1,29","61,67",66,477,29,,
hs-web/hsweb-framework,8382,30,2016-01-18,"9,66",24639,"6,16","1,34","11,18",848,8221,688,,
DImuthuUpe/AndroidPdfViewer,8362,0,2016-06-02,"9,29",3328,"4,95","1,25","76,79",57,1074,41,,
testcontainers/testcontainers-java,8323,85,2015-04-12,"10,43",30997,"5,35","1,49","21,91",897,7342,727,,
wildfirechat/im-server,8302,108,2019-01-23,"6,64",158401,"6,41","1,54","111,72",1013,18870,593,,
apache/beam,8297,53,2016-02-02,"9,62",727006,"7,42","1,53","19,63",16210,253057,6619,,
apache/shardingsphere-elasticjob,8210,30,2015-09-11,"10,01",15586,"5,46","1,15","3,19",596,12714,556,,
pentaho/pentaho-kettle,8171,1,2013-10-08,"11,94",780806,6,"1,28","82,49",11189,201673,4852,,
alibaba/atlas,8151,7,2017-02-28,"8,54",157514,"5,64","1,44","29,88",2194,141412,1241,,
cabaletta/baritone,8149,85,2018-08-01,"7,12",22324,"6,7","1,39","22,11",473,12139,359,,
alibaba/otter,8127,10,2013-08-09,"12,1",68163,"4,61","1,37","32,45",1296,28107,888,,
alibaba/transmittable-thread-local,8126,58,2013-10-13,"11,92",6932,"5,59","1,43","12,35",155,5234,126,,
HMCL-dev/HMCL,8125,259,2015-06-22,"10,23",78598,"6,81","1,69","35,86",1303,18244,762,,
bytedeco/javacv,8122,13,2014-04-21,"11,4",26962,"6,13","2,13","133,99",223,5392,111,,
guolindev/LitePal,8102,0,2013-02-20,"12,57",11830,"5,01","1,65","49,45",201,8436,129,,
aeron-io/aeron,8101,126,2014-02-07,"11,6",122509,"7,82","1,3","114,26",1313,50706,922,,
aritraroy/UltimateAndroidReference,8100,0,2017-04-10,"8,43",22,1,1,0,1,0,1,,
davemorrissey/subsampling-scale-image-view,7987,21,2013-08-26,"12,05",4262,"5,62","1,58","79,72",72,1156,33,,
apache/iceberg,7968,31,2018-11-19,"6,82",313573,"8,59","1,68","36,37",4545,141713,4758,,
junixapp/XPopup,7964,221,2018-12-07,"6,77",12348,"4,7","1,58","22,9",305,2231,113,,
apache/tomcat,7953,0,2011-10-01,"13,96",355602,"4,52","1,81","179,91",4664,168336,2742,,
JakeWharton/hugo,7930,0,2013-11-25,"11,81",384,"5,71","1,14","27,71",7,2,5,,
dropwizard/metrics,7851,140,2010-02-26,"15,55",28510,"5,48","1,35","9,53",688,5076,402,,
HannahMitt/HomeMirror,7846,0,2015-08-23,"10,07",1719,"2,73","1,08","5,35",66,620,27,,
software-mansion/react-native-svg,7832,124,2016-01-17,"9,66",13080,"6,55","2,65","87,94",218,2186,115,,
Graylog2/graylog2-server,7801,0,2010-05-17,"15,33",239315,"8,1","1,34","18,81",7027,106882,5406,,
ChrisRM/material-theme-jetbrains,7791,17,2015-09-23,"9,98",14517,"4,33","2,25","84,42",357,10039,274,,
trello-archive/RxLifecycle,7692,22,2015-07-20,"10,16",2368,"6,43","1,65","1,41",81,818,52,,
goldze/MVVMHabit,7682,3,2017-07-21,"8,15",9110,"3,58","1,27","15,76",319,3415,138,,
krahets/LeetCode-Book,7674,0,2021-12-17,"3,75",3121,"1,33",1,"0,09",258,1156,120,,
vipshop/vjtools,7673,9,2018-05-29,"7,3",18382,"3,13","1,28","26,3",379,6200,232,,
lecho/hellocharts-android,7657,14,2014-10-12,"10,93",10995,"6,31","1,52","40,29",153,1858,107,,
Tencent/Shadow,7640,5,2019-06-13,"6,26",21905,"4,24","1,78","17,33",674,7554,445,,
gedoor/MyBookshelf,7620,165,2018-06-12,"7,26",48375,"6,34","1,47","58,66",669,6633,330,,
PowerJob/PowerJob,7588,51,2020-03-16,"5,5",24684,"5,75","1,18","5,14",755,11571,664,,
google/closure-compiler,7570,0,2014-04-16,"11,42",308255,"6,85","1,51","1272,1",2686,111725,1241,,
koush/AndroidAsync,7546,0,2012-08-24,"13,06",18086,"3,61","1,53","19,44",543,3092,203,,
jeecgboot/jimureport,7538,29,2019-12-05,"5,78",300,"6,75","1,08","2,33",12,163,12,,
kaushikgopal/RxJava-Android-Samples,7526,0,2014-07-23,"11,15",2633,"6,63","1,83","9,2",86,197,40,,
kevin-wayne/algs4,7503,0,2015-08-31,"10,04",22522,4,"1,02","47,47",279,28700,201,,
mapstruct/mapstruct,7498,35,2012-05-28,"13,3",96528,"3,82","1,17","10,47",4594,38861,3854,,
yuanguangxin/LeetCode,7469,0,2020-01-11,"5,68",3441,"1,24",1,"0,84",145,422,141,,
swagger-api/swagger-core,7454,120,2011-07-05,"14,2",42155,"4,83","1,23","49,7",1466,6049,953,,
enso-org/enso,7437,480,2016-12-16,"8,75",116052,"6,39","1,7","35,9",2522,22810,1852,,
gunnarmorling/1brc,7424,0,2023-12-28,"1,72",53431,"3,17","1,09","7,58",600,7854,174,,
lenve/VBlog,7420,0,2017-12-26,"7,72",781,"4,55","1,03","29,07",29,142,27,,
dyc87112/SpringCloud-Learning,7403,0,2016-08-21,"9,07",13492,"5,88","1,04","28,73",312,5232,345,,
abel533/Mapper,7370,8,2014-11-21,"10,82",19104,"5,06","1,24","36,18",458,12387,390,,
leolin310148/ShortcutBadger,7353,0,2013-11-15,"11,83",885,"5,29","1,16","3,48",31,243,26,,
Qihoo360/RePlugin,7339,19,2017-06-08,"8,27",30275,"5,2","1,42","32,02",456,17462,310,,
MinecraftForge/MinecraftForge,7299,0,2012-01-30,"13,63",63191,"7,13","2,17","37,91",1673,27717,1028,,
gocd/gocd,7296,86,2013-12-13,"11,76",267992,"7,46","1,28","37,49",5407,64386,3895,,
Bearded-Hen/Android-Bootstrap,7270,5,2013-11-01,"11,87",10389,"6,96","1,67","31,39",79,954,65,,
pedant/sweet-alert-dialog,7250,2,2014-10-19,"10,91",943,"4,38","1,25","31,06",16,32,6,,
AntennaPod/AntennaPod,7246,62,2012-07-31,"13,13",51773,"7,43","1,48","21,43",817,4361,585,,
crazycodeboy/TakePhoto,7242,15,2015-08-04,"10,12",2403,"5,05","1,25","10,89",55,816,39,,
Exrick/xmall,7234,0,2017-07-28,"8,14",45293,"4,31","1,16","632,83",316,2006,250,,
cymcsg/UltimateRecyclerView,7201,9,2015-01-28,"10,63",16083,"5,21","1,69","41,39",382,5058,173,,
dependency-check/DependencyCheck,7188,85,2012-09-03,"13,03",41235,"7,06","1,87","60,09",492,33977,484,,
NanoHttpd/nanohttpd,7162,3,2012-08-10,"13,1",7106,"4,34","1,79","22,16",144,3663,87,,
didi/KnowStreaming,7143,23,2020-03-19,"5,49",31517,"7,2","1,82","10,32",934,7750,909,,
ogaclejapan/SmartTabLayout,7096,0,2015-02-14,"10,58",1912,"6,36","1,64","9,71",45,674,22,,
Genymobile/gnirehtet,7084,12,2017-02-09,"8,6",4330,"3,77","1,19","14,3",81,1219,55,,
Alluxio/alluxio,7069,61,2012-12-21,"12,73",252449,"6,91","1,48","30,66",4027,120622,2860,,
naman14/Timber,7057,5,2015-06-12,"10,26",21859,"5,4","1,46","19,75",453,3370,164,,
AutoMQ/automq,7049,70,2023-08-17,"2,08",669114,"7,19","1,4","45,37",9237,223423,5873,,
google/error-prone,7037,57,2014-08-21,"11,07",108004,"7,85","1,53","25,52",3139,59190,2005,,
NLPchina/elasticsearch-sql,7034,272,2014-08-24,"11,06",32893,"9,6","2,08","190,2",276,3956,236,,
h2pl/JavaTutorial,7029,1,2018-05-01,"7,38",14,"0,33",1,"0,33",3,9,3,,
rest-assured/rest-assured,7025,0,2010-10-21,"14,9",28601,"5,24","1,2","106,02",704,27364,507,,
mrniko/netty-socketio,6997,19,2012-01-12,"13,68",6233,"4,96","1,27","33,02",169,2768,128,,
wiremock/wiremock,6980,51,2011-10-09,"13,94",52641,"5,75","1,37","74,05",1299,15370,933,,
DroidPluginTeam/DroidPlugin,6961,2,2015-08-27,"10,05",22301,"3,3","4,39","3,7",786,6368,186,,
alibaba/jvm-sandbox,6922,13,2017-08-03,"8,12",14407,"3,48","1,33","12,36",435,5994,227,,
exadel-inc/CompreFace,6890,11,2020-07-06,"5,19",7766,"7,85","1,66","3,89",333,2956,325,,
hongyangAndroid/okhttputils,6859,0,2015-08-17,"10,08",1961,"3,73","1,46","6,2",70,276,44,,
Meituan-Dianping/walle,6845,1,2017-01-10,"8,68",4633,"3,15","1,19","8,69",94,3164,50,,
macrozheng/springcloud-learning,6835,0,2019-09-07,"6,03",5631,"4,88","1,02","85,88",225,2392,340,,
rabbitmq/rabbitmq-tutorials,6805,0,2010-09-21,"14,98",1480,"4,59",1,"2,29",51,489,77,,
junit-team/junit-framework,6789,97,2015-01-11,"10,68",98490,"4,71","1,3","36,35",3428,51140,1656,,
smuyyh/BookReader,6782,0,2016-08-03,"9,12",30914,"4,8","1,44","25,32",699,9880,289,,
CoderLeixiaoshuai/java-eight-part,6785,0,2020-10-16,"4,91",0,0,0,0,0,0,0,,
Angel-ML/angel,6775,19,2017-04-25,"8,39",205066,"7,42","1,74","63,42",1902,48617,1664,,
markzhai/AndroidPerformanceMonitor,6723,0,2016-01-17,"9,66",2234,"4,07","1,28","14,07",54,643,31,,
guardianproject/haven,6723,37,2017-03-01,"8,54",4561,"6,82","1,39","11,77",79,931,41,,
spring-projects/spring-ai,6724,2,2023-06-27,"2,22",117847,"7,49","1,18","26,08",2699,52147,1689,,
getActivity/AndroidProject,6715,17,2018-10-23,"6,9",20468,"7,22","2,14","19,18",358,4547,158,,
fuzhengwei/itstack-demo-design,6714,0,2020-05-20,"5,32",3992,"2,17","1,11","5,33",215,1062,245,,
gzu-liyujiang/AndroidPicker,6712,57,2015-10-21,"9,9",13541,"5,44","1,64","51,72",239,5657,169,,
zouzg/mybatis-generator-gui,6709,16,2016-05-08,"9,36",3047,"7,18","1,49","69,95",39,258,35,,
527515025/springBoot,6701,0,2016-11-07,"8,86",6250,"5,09","1,15","15,5",264,2315,302,,
hongyangAndroid/AndroidAutoLayout,6674,0,2015-11-19,"9,83",2370,"5,83",2,"8,81",78,272,60,,
Meituan-Dianping/Leaf,6668,0,2018-12-11,"6,76",1305,"3,48","1,43","11,25",40,103,33,,
apache/storm,6652,5,2013-11-05,"11,86",359172,"5,32","1,22","48,82",4388,64054,2014,,
Col-E/Recaf,6650,170,2017-07-27,"8,14",72017,"8,5","1,6","26,96",1534,37735,1199,,
yanzhenjie/AndPermission,6643,0,2016-09-11,"9,01",4486,"3,99","1,17","7,49",168,2407,105,,
apache/hertzbeat,6610,6,2022-02-04,"3,61",61919,"7,06","1,27","10,43",1453,33663,1164,,
raphw/byte-buddy,6607,304,2013-11-25,"11,81",286228,"6,15","1,62","14,87",6150,93069,1310,,
quartz-scheduler/quartz,6606,5,2016-03-07,"9,52",34643,"5,58","1,44","119,37",502,29704,365,,
GrenderG/Toasty,6597,19,2017-01-18,"8,66",487,"4,06","1,06","56,62",16,75,7,,
apache/zeppelin,6559,0,2015-03-25,"10,48",190394,"5,73","1,26","43,07",2107,28659,834,,
JesusFreke/smali,6535,0,2012-09-23,"12,98",46762,"6,02","1,67","15,02",1152,25622,737,,
NLPchina/ansj_seg,6530,3,2012-09-05,"13,03",12130,"6,32","1,19","9,58",218,3174,211,,
jOOQ/jOOQ,6519,105,2011-04-17,"14,41",222071,"9,79","1,84","1674,75",3303,289992,2633,,
MuntashirAkon/AppManager,6515,76,2020-05-30,"5,3",126167,"7,9","1,48","74,09",1557,19225,942,,
FongMi/TV,6512,0,2022-06-22,"3,23",30424,"6,56","1,4","102,07",645,95,390,,
processing/processing,6505,48,2013-01-24,"12,64",110008,"3,73","1,64","507,76",922,52328,261,,
ximsfei/Android-skin-support,6503,0,2017-01-12,"8,67",19377,"6,08","1,39","17,67",405,2453,325,,
getActivity/XXPermissions,6483,72,2018-06-15,"7,25",8952,"6,65","1,55","86,44",194,3795,108,,
traccar/traccar,6456,63,2012-04-16,"13,42",67604,"5,57","1,92","5,93",1803,21040,1412,,
wxiaoqi/Spring-Cloud-Platform,6433,3,2017-05-25,"8,31",6014,"4,89","1,41","57,65",177,3363,172,,
ArthurHub/Android-Image-Cropper,6425,32,2015-01-15,"10,67",4655,"7,72","1,38","70,38",40,2060,18,,
pig-mesh/pig,6416,19,2019-08-26,"6,06",7543,"6,91","1,31","5,33",380,13653,382,,
hazelcast/hazelcast,6391,200,2012-03-21,"13,49",1103112,"7,93","1,76","44,83",16788,344443,11188,,
AsyncHttpClient/async-http-client,6390,7,2011-03-07,"14,53",29573,"5,8","1,57","41,5",579,12182,344,,
aa112901/remusic,6358,0,2016-03-24,"9,48",47786,"5,19","1,45","41,65",845,7176,272,,
vespa-engine/vespa,6348,239,2016-06-03,"9,28",597350,"6,04","1,62","37,91",11455,109234,8036,,
sshahine/JFoenix,6344,0,2015-09-08,"10,02",24546,"6,92","1,62","22,08",425,7662,207,,
joelittlejohn/jsonschema2pojo,6333,63,2013-06-22,"12,23",14294,"6,7","1,14","77,69",271,6945,222,,
jd-opensource/joyagent-jdgenie,6406,0,2025-07-16,"0,17",5079,"4,79","1,1","4,3",135,896,85,,
wasabeef/richeditor-android,6330,0,2015-03-30,"10,46",804,"2,42","1,14","46,95",43,59,6,,
micronaut-projects/micronaut-core,6299,311,2018-03-07,"7,53",174400,"5,76","1,32","36,27",4884,126906,4436,,
amitshekhariitbhu/from-java-to-kotlin,6293,0,2017-05-21,"8,32",37,"0,5",1,0,2,0,2,,
koush/ion,6275,0,2013-05-22,"12,32",9443,"4,58","1,46","23,6",289,2141,127,,
648540858/wvp-GB28181-pro,6264,1,2020-11-14,"4,84",47139,"8,23","1,3","35,13",749,9669,714,,
lightbend/config,6259,3,2011-12-06,"13,78",13186,"5,47","2,06","76,18",200,4862,118,,
haifengl/smile,6258,34,2014-11-20,"10,82",100975,"5,54","1,36","103,72",1334,86331,1211,,
hibernate/hibernate-orm,6236,111,2010-10-04,"14,95",1067841,"6,79","1,4","76,3",25500,250599,16005,,
ityouknow/spring-cloud-examples,6225,0,2017-04-28,"8,38",390,"3,83","1,02","0,47",60,41,132,,
apache/flink-cdc,6224,22,2020-07-27,"5,14",115154,"8,3","1,46","30,01",1886,40549,1342,,
gephi/gephi,6206,19,2011-10-22,"13,9",125587,"4,48","1,67","24,68",2389,62867,1329,,
DerekYRC/mini-spring,6189,0,2020-11-17,"4,83",2472,"3,41","1,22","5,08",149,1106,145,,
logisim-evolution/logisim-evolution,6186,31,2014-09-19,"10,99",161654,"5,96","2,43","28,23",1905,19890,1136,,
Javen205/IJPay,6174,24,2017-05-02,"8,38",14136,"5,59","1,37","139,4",273,12543,271,,
jetlinks/jetlinks-community,6154,20,2020-01-02,"5,71",60428,"8,78","1,28","11,76",1842,31349,1380,,
auth0/java-jwt,6126,45,2014-03-07,"11,53",8924,"5,66","1,63","142,74",86,1657,76,,
ikew0ng/SwipeBackLayout,6123,0,2013-08-25,"12,06",1635,"5,22","1,39","61,33",18,825,10,,
nayuki/QR-Code-generator,6119,5,2016-04-15,"9,42",1823,"3,95","1,42","19,58",19,1650,18,,
apache/incubator-kie-drools,6117,6,2011-02-18,"14,57",767307,"6,55","1,62","65,29",11894,236945,8948,,
daimajia/NumberProgressBar,6104,3,2014-05-01,"11,38",380,"3,17","1,33","91,83",6,87,3,,
rengwuxian/MaterialEditText,6099,19,2014-10-30,"10,88",3385,"5,65","1,31","742,85",26,864,12,,
Vedenin/useful-java-links,6060,0,2016-02-13,"9,59",5967,"2,3","1,02","1,83",263,2746,161,,
alipay/SoloPi,6040,8,2019-03-14,"6,51",56327,"4,62","1,21","13,14",1170,13949,318,,
LandGrey/SpringBootVulExploit,6033,0,2020-05-20,"5,32",258,"3,43",1,"3,57",14,6,23,,
singwhatiwanna/dynamic-load-apk,6030,0,2014-03-30,"11,46",2620,"5,81","1,45","9,42",62,601,37,,
google/j2objc,6029,1,2014-01-30,"11,62",0,0,0,0,0,736857,5157,,
LaurieWired/GhidraMCP,6024,5,2025-03-23,"0,48",1219,"16,33","1,67",459,3,209,2,,
pedrovgs/EffectiveAndroidUI,6015,0,2014-07-04,"11,2",1923,"4,44","1,34","11,62",73,1510,54,,
graphhopper/graphhopper,6006,45,2012-02-18,"13,57",98846,"6,76","1,26",33,1359,27790,935,,
vavr-io/vavr,5972,19,2014-01-30,"11,62",67695,"8,21","1,25","1070,46",698,34868,256,,
obsidiandynamics/kafdrop,5969,50,2019-05-27,"6,31",4215,"5,52","1,32","28,21",100,1120,79,,
wyouflf/xUtils3,5967,9,2015-10-28,"9,88",12561,"5,22","1,41","27,45",218,2171,145,,
robolectric/robolectric,5966,110,2010-08-28,"15,05",223778,"5,93","1,37","72,49",3976,41240,2140,,
liyifeng1994/ssm,5956,0,2016-06-18,"9,24",369,"4,16","1,68","2,05",19,122,19,,
btraceio/btrace,5957,33,2014-08-28,"11,05",40986,"4,91","1,3","92,54",768,19583,561,,
apache/camel,5952,0,2009-05-21,"16,32",1856152,"4,84","1,64","79,7",41487,957149,23291,,
javaparser/javaparser,5942,55,2011-10-30,"13,88",136870,"8,82","1,88","295,15",1983,80933,1931,,
springfox/springfox,5941,12,2012-05-06,"13,36",32115,"5,7","1,12","23,25",1136,17145,942,,
apache/hudi,5935,31,2016-12-14,"8,75",303741,"9,2","1,58","60,03",4550,130244,3544,,
prolificinteractive/material-calendarview,5925,22,2015-02-09,"10,6",3658,"6,45","1,53","69,01",88,1224,57,,
google/google-java-format,5919,35,2015-05-11,"10,35",12753,"5,73","1,42","66,8",165,3403,81,,
antoniolg/androidmvp,5918,0,2014-04-02,"11,46",274,"3,29","1,29",3,14,120,10,,
apache/pinot,5900,21,2014-05-19,"11,33",556268,"7,35","1,51","52,6",7042,182387,4953,,
weibocom/motan,5896,28,2016-04-20,"9,4",46901,"5,94","1,43","32,72",844,15309,589,,
journeyapps/zxing-android-embedded,5891,9,2012-11-28,"12,8",5169,"5,44","1,36","21,92",96,2126,62,,
ZhongFuCheng3y/austin,5890,0,2021-11-06,"3,86",6538,"6,23","1,12","1,45",348,5753,291,,
apache/iotdb,5886,47,2018-11-24,"6,81",754647,"8,23","1,61","106,5",8664,196900,6949,,
WeiYe-Jing/datax-web,5887,5,2019-11-19,"5,83",13801,"5,04","1,39","13,24",317,6821,320,,
opengoofy/hippo4j,5884,18,2021-06-16,"4,25",29660,"4,65","1,2","5,81",1179,29059,982,,
lets-blade/blade,5878,9,2015-06-10,"10,27",15319,"4,62","1,23","42,16",307,6533,291,,
CeuiLiSA/Pixiv-Shaft,5877,114,2019-04-01,"6,46",36025,"4,8","1,45","25,09",1033,4437,423,,
amitshekhariitbhu/Fast-Android-Networking,5844,10,2016-03-21,"9,49",19596,"3,22","1,25","13,77",575,3284,130,,
alibaba/spring-ai-alibaba,5829,10,2024-09-09,"1,02",149274,"6,08","1,17","21,68",3028,67367,2137,,
JSQLParser/JSqlParser,5812,37,2011-06-23,"14,23",46427,"6,35","1,54","513,59",815,10903,703,,
ffay/lanproxy,5805,1,2016-11-20,"8,82",2668,"4,24","1,19","8,21",63,421,38,,
Nightonke/BoomMenu,5804,0,2016-03-19,"9,49",7710,"5,63","1,57","227,67",115,1644,67,,
changmingxie/tcc-transaction,5796,8,2015-12-05,"9,78",23664,"5,25","1,31","29,74",519,1504,408,,
apache/hive,5790,0,2009-05-21,"16,32",2005288,"6,9","1,41","94,18",20347,350723,8278,,
yarolegovich/DiscreteScrollView,5787,2,2017-03-03,"8,54",3698,"4,23","1,25","19,11",105,159,39,,
dmytrodanylyk/circular-progress-button,5771,3,2014-06-07,"11,27",1429,"3,97","1,28","25,33",39,19,13,,
TeamAmaze/AmazeFileManager,5760,66,2014-07-14,"11,17",31851,"7,3","1,45","28,84",443,9722,245,,
Nepxion/Discovery,5742,132,2018-06-21,"7,24",26230,"4,78","1,27","18,8",828,5882,694,,
jeequan/jeepay,5728,0,2017-08-12,"8,1",17168,"8,85","1,78","4,29",550,16585,512,,
Devlight/InfiniteCycleViewPager,5724,2,2016-08-22,"9,07",3564,"5,05","1,63","102,54",41,614,21,,
jpush/aurora-imui,5715,42,2016-12-13,"8,76",17789,"4,81","1,53","50,27",342,1881,146,,
yanzhenjie/SwipeRecyclerView,5705,0,2016-08-03,"9,12",11090,"4,85","1,39","26,94",275,4530,128,,
dromara/lamp-cloud,5688,0,2018-01-17,"7,66",18730,"7,73","1,28","7,15",820,19289,801,,
springside/springside4,5685,3,2012-02-23,"13,56",12842,"3,17","1,28","24,78",315,5348,200,,
apache/nifi,5673,0,2014-12-12,"10,76",626001,"7,25","1,5","55,93",9852,210993,8086,,
jagrosh/MusicBot,5669,38,2016-08-14,"9,09",4097,"6,74","2,51","10,59",93,1505,71,,
wasabeef/Blurry,5661,0,2015-07-23,"10,15",636,"5,14",1,"0,64",14,102,5,,
JakeWharton/u2020,5660,0,2013-11-14,"11,84",4806,"6,22","1,43","23,62",134,642,106,,
crazycodeboy/react-native-splash-screen,5660,12,2016-09-14,9,246,"3,42","1,25",2,12,72,6,,
hanks-zyh/HTextView,5649,0,2015-12-19,"9,74",3076,"4,2","1,56","3,48",91,234,55,,
redis/lettuce,5635,135,2014-05-10,"11,35",109317,"6,31","1,39","166,45",2020,87214,1369,,
ZHENFENG13/spring-boot-projects,5634,0,2017-04-01,"8,46",2606,"4,33","1,07","9,07",107,1066,143,,
daimajia/AndroidImageSlider,5616,5,2014-06-02,"11,29",3813,"4,06","1,57","59,1",63,977,32,,
JanusGraph/janusgraph,5613,28,2016-12-26,"8,72",104266,"7,02","1,44","43,9",1896,36050,1359,,
meefik/linuxdeploy,5608,37,2012-08-21,"13,07",2693,"7,16","1,65","35,89",37,674,28,,
ElderDrivers/EdXposed,5604,27,2019-01-18,"6,66",71794,"6,07","1,6","191,08",920,51810,639,,
Suwayomi/Suwayomi-Server,5604,58,2020-12-23,"4,73",40995,"5,55","1,62","1509,54",408,38506,277,,
TommyLemon/Android-ZBLibrary,5598,25,2015-08-20,"10,07",14727,"5,38","1,56","26,67",318,7783,157,,
hongyangAndroid/FlowLayout,5595,0,2015-08-28,"10,05",810,"4,32","1,41",5,34,57,14,,
baidu/uid-generator,5561,0,2017-03-27,"8,47",873,"2,88","1,28","11,72",25,1026,24,,
knightliao/disconf,5553,12,2014-05-30,"11,3",14009,"4,44","1,36","12,62",425,7945,401,,
00-Evan/shattered-pixel-dungeon,5499,52,2014-07-31,"11,13",158805,"6,34","2,85","13,92",2680,30163,1259,,
danikula/AndroidVideoCache,5496,20,2015-04-01,"10,46",3217,"4,83","1,49","14,32",77,438,60,,
emilsjolander/StickyListHeaders,5494,16,2012-03-11,"13,51",2112,"4,81","1,4","3,98",43,233,15,,
wuhaoyu1990/MagicCamera,5491,0,2016-01-08,"9,69",14543,"3,54","1,47","7,63",352,1041,172,,
sockeqwe/mosby,5476,15,2015-03-25,"10,48",17138,"5,38","1,61","9,64",662,9202,416,,
alibaba/jetcache,5474,67,2017-04-12,"8,43",18021,"6,03","1,64","15,91",446,2537,312,,
scribejava/scribejava,5466,9,2010-09-05,"15,03",12671,"4,21","1,4","10,94",494,1674,315,,
alibaba/freeline,5457,22,2016-08-03,"9,12",5357,"3,8","1,61","13,87",135,768,82,,
KeepSafe/TapTargetView,5456,24,2016-09-11,"9,01",1965,"4,51","1,15","49,9",39,368,11,,
201206030/novel,5452,12,2019-11-11,"5,85",4544,"4,42","1,07","20,49",202,3620,188,,
Jasonchenlijian/FastBle,5445,9,2016-08-23,"9,07",4713,"4,38","1,3","26,07",105,360,42,,
motianhuo/wechat,5436,0,2015-05-25,"10,31",34426,"5,23","1,25","15,45",635,5536,246,,
ddd-by-examples/library,5431,0,2019-01-11,"6,68",1770,"6,79","1,04","5,43",123,20,97,,
apache/dubbo-spring-boot-project,5403,13,2018-01-18,"7,66",1908,"7,11","1,17","11,93",89,1813,83,,
socketio/socket.io-client-java,5403,7,2013-04-28,"12,38",5639,"1,92","1,1","4,25",229,244,34,,
apache/hbase,5391,47,2014-05-23,"11,32",945634,"8,17","1,5","69,39",11522,250850,5156,,
microsoft/typespec,5377,285,2021-06-30,"4,21",174200,"9,01","1,15","24,22",4169,246849,4508,,
houbb/sensitive-word,5376,2,2020-01-07,"5,69",4145,"3,04","1,17","20,79",225,3105,190,,
Evernote/android-job,5370,31,2015-08-20,"10,07",10693,"6,99","1,77","32,01",189,3195,98,,
mik3y/usb-serial-for-android,5371,33,2013-06-30,"12,21",8172,"6,2","1,32","38,97",66,1047,36,,
strimzi/strimzi-kafka-operator,5369,155,2016-05-06,"9,36",119644,"11,28","1,5","45,92",1435,46963,1230,,
apache/groovy,5361,0,2015-04-16,"10,42",0,0,0,0,0,110523,1806,,
spring-projects/spring-data-examples,5355,0,2014-01-30,"11,62",50985,"2,62","1,01","0,46",6628,15040,6657,,
jgilfelt/SystemBarTint,5354,3,2013-11-17,"11,83",807,8,"1,78","22,56",9,276,6,,
commonsguy/cw-omnibus,5349,36,2012-03-12,"13,51",71119,"5,27","1,69","20,08",1944,31750,1677,,
ikarus23/MifareClassicTool,5351,8,2013-02-12,"12,59",6633,"11,09","2,27","106,03",33,4150,28,,
h6ah4i/android-advancedrecyclerview,5334,1,2015-01-24,"10,64",20692,"6,61","2,41","32,02",395,7596,212,,
coobird/thumbnailator,5326,0,2015-07-25,"10,15",19559,"4,06","1,24","93,55",223,15515,125,,
XRecyclerView/XRecyclerView,5318,0,2015-11-18,"9,83",5151,"3,91","1,42","9,04",166,443,59,,
mybatis/generator,5311,11,2013-02-10,"12,59",68036,"7,81","1,96","88,09",644,16948,555,,
osmandapp/OsmAnd,5309,1,2011-01-15,"14,67",683832,"8,74","1,61","106,38",6036,56520,3120,,
LFDT-web3j/web3j,5301,119,2016-09-04,"9,03",43107,"4,27","1,74","35,27",1262,11810,732,,
evant/gradle-retrolambda,5289,37,2013-08-05,"12,11",623,"4,6","1,04","2,16",25,75,23,,
xxv/android-lifecycle,5271,0,2014-04-18,"11,41",481,7,"1,67","151,67",6,11,5,,
yixia/VitamioBundle,5268,0,2012-10-19,"12,91",6501,"4,95","1,32","75,07",101,2265,41,,
CaffeineMC/sodium,5267,40,2020-02-01,"5,62",26207,"6,13","1,44","13,58",665,5391,571,,
CodingDocs/springboot-guide,5252,0,2018-11-28,"6,8",1522,"4,12","1,18","1,35",139,677,155,,
zfdang/Android-Touch-Helper,5248,112,2020-10-16,"4,92",2257,"4,13","1,18","1,95",55,222,15,,
lingochamp/okdownload,5245,8,2017-12-17,"7,75",18986,"6,44","1,27","35,26",343,6266,201,,
thinkaurelius/titan,5241,0,2012-02-25,"13,56",71163,"5,86","1,37","20,51",1594,15757,904,,
alibaba/QLExpress,5242,17,2017-03-15,"8,51",12114,"5,86","1,4","39,63",325,1909,285,,
Yalantis/Side-Menu.Android,5240,2,2015-01-13,"10,67",449,"3,89","1,22","4,11",18,31,9,,
cinit/QAuxiliary,5240,48,2022-01-29,"3,63",41528,"7,67","1,33","42,31",518,9560,331,,
razerdp/BasePopup,5232,15,2016-01-15,"9,67",28287,"5,89","1,7","34,29",568,4277,267,,
Doikki/DKVideoPlayer,5230,32,2017-04-11,"8,43",18446,"5,33","1,59","46,75",377,3576,236,,
rubenlagus/TelegramBots,5227,108,2016-01-14,"9,67",21010,"10,4","2,2","10,42",761,12237,620,,
liquibase/liquibase,5223,103,2011-07-08,"14,19",98891,"6,83","1,8","65,45",1742,19731,1496,,
huangyanbin/smartTable,5220,44,2017-11-08,"7,85",14165,"5,13","1,19","25,93",364,3188,150,,
GeyserMC/Geyser,5214,0,2019-07-08,"6,19",59719,"8,24","1,97","34,58",1208,40647,1085,,
pmd/pmd,5210,108,2012-07-11,"13,18",146610,"5,72","2,05","43,44",4081,52940,3032,,
citerus/dddsample-core,5201,0,2015-01-31,"10,62",4639,"7,09","1,13","7,03",157,1223,145,,
dunwu/db-tutorial,5201,0,2017-08-08,"8,11",11203,"5,21","1,18","32,61",209,3050,176,,
remkop/picocli,5196,86,2017-02-01,"8,62",96033,3,"1,11","58,91",2940,13644,417,,
tonikelope/megabasterd,5188,208,2016-09-29,"8,96",20673,"2,76","1,49","85,72",201,1697,61,,
hustcc/JS-Sorting-Algorithm,5186,0,2017-01-19,"8,65",389,"3,58",1,"2,83",12,100,12,,
j-easy/easy-rules,5153,10,2013-03-10,"12,52",4857,"5,09","1,31","7,63",162,4742,136,,
careercup/ctci,5147,0,2013-03-21,"12,49",11244,"1,96","1,12","5,1",311,922,298,,
novicezk/midjourney-proxy,5146,0,2023-04-24,"2,4",2787,"5,9","1,24","5,81",90,265,79,,
Fuzion24/JustTrustMe,5142,1,2014-07-24,"11,15",598,"2,56","1,19","2,7",27,66,2,,
reactor/reactor-core,5139,212,2015-11-10,"9,85",202370,"7,07","1,68","121,55",2245,49298,1002,,
bitcoinj/bitcoinj,5137,14,2013-11-19,"11,82",46026,"7,16","1,73","89,24",623,26358,435,,
brianfrankcooper/YCSB,5134,55,2010-04-19,"15,41",22395,"7,05","1,64","7,85",236,10014,233,,
LWJGL/lwjgl3,5127,21,2012-12-23,"12,73",1086686,"6,76","2,38","970,64",9930,460783,6227,,
runelite/runelite,5111,0,2016-04-30,"9,38",476559,"3,61","1,22","25,83",3794,231853,1850,,
hneemann/Digital,5108,35,2016-06-28,"9,22",76080,"5,05","1,68","13,25",1817,28016,1085,,
fast-excel/fastexcel,5102,5,2024-10-05,"0,94",22244,"6,45","1,35","29,58",626,10680,579,,
CellularPrivacy/Android-IMSI-Catcher-Detector,5097,48,2013-11-23,"11,81",12171,"5,06","1,33","4,96",251,3179,105,,
zhanglei-workspace/shopping-management-system,5095,0,2015-11-16,"9,83",5353,"3,52","1,36","76,33",97,2003,95,,
jindrapetrik/jpexs-decompiler,5085,172,2014-05-10,"11,35",345818,"5,87","1,92","57,63",4056,174933,2603,,
natario1/CameraView,5084,42,2017-07-18,"8,16",21155,"5,6","1,37","34,76",534,6567,242,,
deathmarine/Luyten,5083,17,2013-07-11,"12,18",6750,"2,35","1,54","15,45",129,281,31,,
oshi/oshi,5080,165,2012-02-10,"13,6",36137,"5,52","1,59","31,75",668,15441,538,,
diffplug/spotless,5079,35,2015-04-27,"10,39",36551,"4,99","1,75","13,79",899,13373,596,,
sofastack/sofa-boot,5063,82,2018-04-02,"7,46",32830,"5,15","1,2","17,82",1181,23979,866,,
OpenTSDB/opentsdb,5062,27,2010-08-27,"15,06",104636,"7,14","1,28","64,88",958,28568,412,,
spring-projects/spring-authorization-server,5049,78,2020-03-17,"5,5",37194,"10,25","1,39","16,69",679,11549,468,,
wequick/Small,5049,25,2015-11-27,"9,8",7726,"3,81","1,48","20,17",185,1470,85,,
baomidou/dynamic-datasource,5045,18,2018-04-28,"7,39",5307,"5,11","1,14","2,36",178,4089,146,,
xuexiangjys/XUI,5040,23,2019-01-07,"6,69",91066,"5,73","1,66","52,71",1657,38720,872,,
Exrick/xpay,5038,0,2017-12-12,"7,76",1449,"6,43",1,"93,43",21,300,20,,
killbill/killbill,5026,150,2012-10-21,"12,9",150948,"8,66","1,79","28,25",2443,38743,1686,,
youlookwhat/DesignPattern,5020,0,2016-10-21,"8,9",2603,"2,54","1,28","1,43",197,1260,169,,
jankotek/mapdb,5016,0,2012-08-17,"13,08",20198,"3,24","2,02","81,85",263,4602,121,,
yipianfengye/android-zxingLibrary,5013,0,2016-07-26,"9,14",2018,"4,71","1,33","5,63",52,844,34,,
Trinea/android-common,5013,1,2012-06-19,"13,24",6707,"4,44","1,25","43,06",110,5746,77,,
tianshiyeben/wgcloud,5010,29,2019-01-15,"6,67",6105,"6,04","1,19","34,54",118,2597,117,,
rubensousa/GravitySnapHelper,5001,14,2016-08-31,"9,04",610,"6,38","1,75","57,88",8,242,4,,
2227324689/gpmall,5000,0,2019-07-18,"6,16",8865,"4,98","1,36","8,17",424,4998,420,,
line/armeria,4997,260,2015-11-16,"9,83",296024,"6,45","1,32","33,44",6426,129616,3784,,
youlookwhat/CloudReader,4994,26,2016-11-20,"8,82",19393,"4,75","1,46","19,41",492,3539,181,,
DingMouRen/LayoutManagerGroup,4991,0,2018-04-28,"7,38",2285,"4,95","1,57","9,14",63,493,28,,
orhanobut/dialogplus,4987,9,2014-12-12,"10,76",1047,"5,24","1,03","57,86",29,294,17,,
apache/ignite,4984,0,2015-02-19,"10,57",1131032,"5,63","1,65","494,3",21069,615941,10444,,
killme2008/aviatorscript,4981,52,2011-03-29,"14,47",37362,"4,64","1,5","60,98",524,11911,407,,
JodaOrg/joda-time,4977,50,2011-05-16,"14,34",91613,"8,58","2,28","295,29",557,45590,330,,
frogermcs/InstaMaterial,4968,1,2014-11-10,"10,85",2223,"4,79","1,54","9,94",80,74,25,,
bisq-network/bisq,4951,142,2014-03-12,"11,52",177912,"7,51","1,77","30,24",3685,58671,2485,,
Devlight/NavigationTabBar,4946,13,2016-03-29,"9,47",2538,"4,02","1,31","57,5",58,243,11,,
react-native-linear-gradient/react-native-linear-gradient,4943,18,2015-03-31,"10,46",488,"5,16","1,63","10,68",19,121,11,,
amitshekhariitbhu/RxJava2-Android-Samples,4939,0,2016-08-27,"9,05",3992,"3,66","1,25","6,29",185,460,61,,
apache/calcite,4937,0,2014-06-25,"11,23",367195,"7,66","1,7","383,92",5648,156563,2543,,
spring-cloud/spring-cloud-netflix,4934,24,2014-07-11,"11,18",8510,"7,2","1,22","85,81",264,3607,142,,
roncoo/roncoo-pay,4922,0,2016-07-21,"9,16",19910,"5,21","1,28","62,94",394,15641,384,,
lugg/react-native-config,4920,30,2016-02-23,"9,56",428,"4,57","1,39","1,96",23,96,11,,
PBH-BTN/PeerBanHelper,4917,144,2024-02-07,"1,6",21614,"6,72","1,34","15,53",503,2346,444,,
traex/RippleEffect,4914,0,2014-10-14,"10,92",504,"3,42","1,37","23,16",19,158,7,,
querydsl/querydsl,4910,35,2011-08-05,"14,12",98636,"5,2","1,99","42,9",3232,43905,2121,,
Docile-Alligator/Infinity-For-Reddit,4911,182,2018-07-26,"7,14",95174,"6,93","1,55","30,85",1587,4501,617,,
javastacks/spring-boot-best-practice,4907,0,2018-11-09,"6,85",1968,"4,74","1,09","3,12",176,707,174,,
DiUS/java-faker,4900,0,2011-06-06,"14,28",6710,"4,12","1,45","40,75",225,1168,213,,
Ramotion/folding-cell-android,4899,0,2016-04-01,"9,46",812,"4,14","1,33","13,38",21,193,11,,
cglib/cglib,4875,15,2014-03-29,"11,47",17670,"3,22","1,53","261,8",498,4390,212,,
orientechnologies/orientdb,4873,225,2012-12-09,"12,77",449938,"6,48","1,61","309,38",5049,63054,4008,,
rstudio/rstudio,4865,0,2010-12-07,"14,77",227864,"4,89","1,28","352,18",7007,74184,2673,,
react-native-webrtc/react-native-webrtc,4862,81,2015-09-27,"9,97",4086,"6,12","1,15","8,72",67,728,39,,
reactive-streams/reactive-streams-jvm,4859,0,2014-02-28,"11,55",15738,"3,12","1,28","20,34",459,2797,64,,
Sayi/poi-tl,4860,14,2015-03-20,"10,49",22801,"6,49","1,21","89,66",525,6503,379,,
allure-framework/allure2,4857,80,2016-05-27,"9,3",8061,"6,06","1,3","11,6",269,5066,241,,
fuzhengwei/small-spring,4850,0,2021-05-15,"4,34",10379,"3,47","1,25","12,7",375,16194,1259,,
nextcloud/android,4846,262,2016-06-06,"9,28",46616,"9,29","1,69","114,5",505,9347,317,,
andkulikov/Transitions-Everywhere,4805,23,2014-10-15,"10,92",9485,"6,87","1,68","25,72",193,4362,79,,
claritylab/lucida,4800,0,2014-05-13,"11,34",23221,"6,55","1,61","23,52",268,12298,173,,
mock-server/mockserver,4794,0,2013-02-26,"12,55",65134,"7,27","1,69","95,82",1109,14718,1026,,
saiwu-bigkoo/Android-ConvenientBanner,4770,0,2014-12-23,"10,73",848,"4,83","1,45","7,79",29,240,17,,
apache/maven,4767,26,2009-05-21,"16,32",163503,"5,56","1,55","46,35",3647,103653,3007,,
ronmamo/reflections,4768,3,2013-04-16,"12,42",4782,"2,77","1,15","13,66",197,1043,59,,
tuguangquan/mybatis,4765,0,2014-11-03,"10,87",39118,"3,73","1,3","21,47",1039,19205,918,,
etsy/AndroidStaggeredGrid,4751,7,2013-12-09,"11,77",4010,"5,86","1,86","155,89",36,861,13,,
nisrulz/android-tips-tricks,4746,0,2016-08-25,"9,06",22,1,1,0,1,1,1,,
kyleduo/SwitchButton,4745,0,2014-09-09,"11,02",1543,"4,37","1,41","82,48",27,111,9,,
spring-cloud/spring-cloud-gateway,4741,36,2016-11-16,"8,83",40876,"6,9","1,37","16,39",1219,14537,619,,
firebase/FirebaseUI-Android,4734,66,2015-07-09,"10,19",13274,"9,79","1,96","12,34",284,3075,203,,
hongyangAndroid/baseAdapter,4720,0,2015-08-03,"10,12",1563,"4,88","1,32","18,28",50,121,30,,
zq2599/blog_demos,4715,0,2017-04-09,"8,44",51987,"4,02","1,2","15,14",1819,36457,1655,,
hansonwang99/Spring-Boot-In-Action,4715,0,2019-01-28,"6,63",2714,"3,87","1,12","6,01",134,2157,130,,
micrometer-metrics/micrometer,4709,273,2017-04-10,"8,43",80792,"5,71","1,29","19,85",1936,39971,1208,,
zlt2000/microservices-platform,4703,30,2019-03-07,"6,53",7665,"6,36","1,25","6,44",351,5078,341,,
jgilfelt/chuck,4700,5,2017-02-07,"8,6",1698,"5,83","1,38","55,74",42,422,26,,
pardom-zz/ActiveAndroid,4677,0,2012-11-15,"12,83",3158,"5,44","1,74","22,08",62,1039,47,,
SPLWare/esProc,4670,0,2021-11-09,"3,85",426806,"6,68","2,17","97,74",2650,105682,1911,,
gsantner/markor,4668,76,2017-08-26,"8,06",28782,"6,91","1,5","132,82",327,4483,154,,
saysky/ForestBlog,4667,0,2017-10-08,"7,94",2437,"5,1","1,07","12,69",86,2057,86,,
stleary/JSON-java,4660,24,2010-12-21,"14,74",12228,"3,19","1,22","361,08",91,7859,72,,
cjlin1/libsvm,4659,0,2013-09-10,"12,01",3152,"3,26","1,35","19,62",34,231,10,,
wdullaer/MaterialDateTimePicker,4659,54,2015-01-03,"10,7",7536,"6,59","1,47","127,63",73,1876,44,,
Heeexy/SpringBoot-Shiro-Vue,4647,0,2017-11-17,"7,83",633,"5,78","1,41","9,44",27,416,28,,
gabrielemariotti/cardslib,4645,27,2013-09-20,"11,99",32257,"5,9","2,18","18,62",811,15639,266,,
TGX-Android/Telegram-X,4645,5,2021-08-17,"4,08",420517,"9,47","1,42","544,43",2885,32294,1091,,
deepjavalibrary/djl,4642,35,2019-10-29,"5,88",96638,"6,52","1,47","132,73",1666,59684,1476,,
bytedeco/javacpp,4640,13,2014-04-21,"11,4",27026,"5,91","2,01","151,14",215,7529,195,,
romandanylyk/PageIndicatorView,4638,14,2016-08-20,"9,07",3532,"5,51","1,5","22,81",72,200,55,,
oracle/opengrok,4633,293,2013-01-07,"12,69",70623,"5,35","1,64","78,88",1128,46377,899,,
bepass-org/oblivion,4621,12,2024-02-08,"1,6",2641,"5,64","1,48","11,62",58,264,31,,
Netflix/ribbon,4618,41,2013-01-15,"12,67",21788,"4,39","1,27","13,38",710,7469,319,,
981011512/--,4616,0,2020-06-18,"5,24",338075,"3,54","2,91","440,43",5069,60526,1973,,
SuperMonster003/AutoJs6,4613,20,2021-12-01,"3,79",111419,"5,15","1,46","37,23",1768,22149,1073,,
apache/rocketmq-externals,4608,0,2017-03-14,"8,51",11795,"5,75","1,25","16,45",275,5233,221,,
yasserg/crawler4j,4604,3,2011-12-31,"13,71",4736,"5,28","1,31","55,89",83,2375,71,,
SplashCodes/JAViewer,4604,10,2016-05-21,"9,32",6309,"5,79","1,6","11,65",179,1198,74,,
angryip/ipscan,4590,31,2011-06-28,"14,22",12598,"4,99","1,67","4,15",383,2923,234,,
chewiebug/GCViewer,4587,5,2011-10-23,"13,9",20453,"5,27","2,16","49,04",291,4404,227,,
RedSpider1/concurrent,4587,0,2018-11-03,"6,87",0,0,0,0,0,0,0,,
CalebFenton/simplify,4585,9,2014-01-16,"11,67",21150,"8,99","1,37","20,74",311,1355,228,,
puniverse/quasar,4578,18,2013-03-27,"12,47",52770,"3,39","1,5",36,1349,27522,545,,
rememberber/WePush,4578,58,2017-06-23,"8,23",22791,"6,83","1,58","25,15",276,3719,217,,
dromara/dynamic-tp,4576,19,2022-01-07,"3,69",18457,"4,84","1,29","17,74",566,16917,578,,
ReVanced/revanced-patches,4568,662,2023-12-14,"1,76",19274,"5,25","1,35","18,13",423,5767,298,,
chentao0707/SimplifyReader,4565,0,2015-08-17,"10,08",34709,"4,56","1,39","60,29",632,16023,265,,
javagrowing/JGrowing,4564,0,2019-02-26,"6,55",329,"1,53",1,"1,95",19,0,13,,
objectbox/objectbox-java,4556,48,2017-01-24,"8,64",24395,"5,13","1,76","103,66",392,12888,300,,
discord-jda/JDA,4556,111,2015-12-12,"9,76",62413,"8,85","1,82","127,27",1343,88494,1225,,
charles2gan/GDA-android-reversing-Tool,4554,40,2017-10-31,"7,88",567,"2,56",1,"57,38",16,69,16,,
go-lang-plugin-org/go-lang-idea-plugin,4549,21,2010-08-29,"15,05",45363,"8,12","2,07","110,03",1132,14140,828,,
danielzeller/Depth-LIB-Android-,4543,0,2016-04-27,"9,39",3771,"3,79","1,21","13,35",108,242,59,,
JZ-Darkal/AndroidHttpCapture,4532,1,2016-10-15,"8,92",15900,"4,71","1,42",37,317,5276,179,,
hussien89aa/AndroidTutorialForBeginners,4531,0,2016-09-26,"8,97",3957,"4,51","1,5","2,74",129,937,91,,
alibaba/dexposed,4531,0,2015-06-30,"10,21",2414,"2,92","1,69","82,83",36,941,18,,
zhkl0228/unidbg,4530,15,2019-02-26,"6,55",90597,"5,25","1,61","26,63",1722,3196,804,,
castorflex/SmoothProgressBar,4520,9,2013-11-27,"11,8",2208,"4,85","1,23","26,31",48,110,19,,
ant-media/Ant-Media-Server,4517,64,2017-03-01,"8,54",107438,"5,72","1,33","183,49",1189,45650,875,,
azkaban/azkaban,4515,48,2012-10-18,"12,91",93837,"6,47","1,35","35,84",1283,31662,1010,,
Flipboard/bottomsheet,4515,10,2015-04-23,"10,4",2578,"4,9","1,37","27,66",68,661,19,,
tiann/epic,4516,5,2017-05-22,"8,32",5127,"3,23","1,62","30,4",149,1414,100,,
phishman3579/java-algorithms-implementation,4510,0,2013-11-20,"11,82",31758,"3,71","1,58","7,05",439,6639,185,,
booklore-app/booklore,4512,90,2024-12-13,"0,76",22286,"7,95","1,04","11,49",582,723,509,,
HotBitmapGG/bilibili-android-client,4491,1,2016-06-01,"9,29",38892,"4,92","1,82","42,79",559,2890,220,,
zongzibinbin/MallChat,4487,0,2023-03-16,"2,5",9260,"6,24","1,2","4,44",444,5550,424,,
Meituan-Dianping/Robust,4457,13,2017-03-14,"8,51",2953,"3,52","1,26","17,36",42,623,37,,
linhaojun857/aurora,4447,0,2022-08-19,"3,07",4956,"7,29","1,12","7,26",299,31,299,,
h2database/h2database,4448,23,2015-04-10,"10,43",231123,"6,02","2,06","176,35",1674,71122,1256,,
janishar/android-mvp-architecture,4445,0,2017-01-27,"8,64",4049,"5,82","1,38","14,11",146,1707,98,,
dreamhead/moco,4427,1,2012-10-18,"12,91",17542,"5,82","1,54","34,66",577,234,518,,
water8394/flink-recommandSystem-demo,4423,0,2019-05-15,"6,34",1835,"3,73","1,08","6,4",77,394,68,,
Tencent/GT,4414,3,2016-01-13,"9,68",55663,"3,9","1,3","13,67",1050,18043,566,,
jacoco/jacoco,4411,49,2012-07-08,"13,19",36798,"4,26","1,43","12,64",939,20473,684,,
airbnb/DeepLinkDispatch,4406,24,2015-06-11,"10,26",8549,"6,28","1,48","88,64",25,643,32,,
IoT-Technology/IoT-Technical-Guide,4405,0,2019-04-02,"6,46",5235,"4,09","1,25","3,16",294,1306,286,,
apache/shiro,4403,14,2009-08-29,"16,05",36724,"5,02","1,79","19,72",1024,40566,857,,
robinhood/ticker,4389,9,2016-07-15,"9,17",1581,"4,61","1,32","27,61",31,507,18,,
flutter-webrtc/flutter-webrtc,4375,133,2018-03-07,"7,53",8277,"6,63","1,22","36,66",90,730,53,,
Ashok-Varma/BottomNavigation,4363,16,2016-03-19,"9,49",2091,"7,53","1,43","69,27",30,1006,17,,
awangdev/leet-code,4360,0,2015-04-25,"10,39",2109,"2,02",1,"1,09",81,33102,951,,
eirslett/frontend-maven-plugin,4322,0,2013-08-30,"12,04",3717,"5,6","1,73","7,05",99,435,72,,
kermitt2/grobid,4316,22,2012-09-13,13,63537,"5,29","1,25","133,95",563,12737,395,,
jeasonlzy/ImagePicker,4312,5,2016-01-27,"9,63",3685,"5,83","1,49","23,08",76,963,35,,
mywalkb/LSPosed_mod,4312,10,2022-03-28,"3,47",24128,"5,57","1,62","50,2",447,4827,232,,
bingoogolapple/BGARefreshLayout-Android,4308,4,2015-05-28,"10,3",5450,"5,15","1,41","9,8",162,1044,50,,
crate/crate,4295,139,2013-04-10,"12,44",437894,"7,57","1,64","48,51",7558,154094,4981,,
dragonwell-project/dragonwell8,4286,42,2019-03-07,"6,53",0,0,0,0,0,2594054,33976,,
Snailclimb/guide-rpc-framework,4283,0,2020-05-10,"5,35",2306,"4,62","1,21","1,19",95,896,85,,
ThirtyDegreesRay/OpenHub,4280,31,2017-07-11,"8,18",24549,"6,76","1,63","32,93",656,2186,313,,
brianway/java-learning,4272,0,2016-02-09,"9,6",10984,"1,08","1,29","0,6",753,6036,518,,
failsafe-lib/failsafe,4273,0,2015-06-30,"10,21",10026,"6,39","2,06","19,18",238,7060,206,,
bjmashibing/InternetArchitect,4273,0,2019-10-19,"5,91",44604,"4,68","1,16","63,77",691,13278,842,,
ongakuer/CircleIndicator,4268,7,2014-07-30,"11,13",1712,"6,51","1,62","8,51",45,77,22,,
aporter/coursera-android,4264,0,2014-01-05,"11,7",18164,"4,25","1,5","3,36",608,2638,356,,
grantland/android-autofittextview,4260,1,2011-02-14,"14,59",470,"5,38","1,38","40,75",8,235,4,,
jitsi/jitsi,4259,7,2013-04-24,"12,39",196435,"5,44","1,9","39,37",3217,190933,1830,,
201206030/novel-plus,4258,34,2020-05-02,"5,37",15305,"6,48","1,21","46,63",409,5270,386,,
google/open-location-code,4249,5,2014-09-30,"10,96",2295,"4,96","1,18","4,55",67,903,35,,
camunda/camunda-bpm-platform,4241,0,2013-01-03,"12,7",543883,"6,28","1,65","86,62",10681,264268,8731,,
jlegewie/zotfile,4238,33,2011-12-30,"13,71",0,0,0,0,0,0,0,,
s4kibs4mi/java-developer-roadmap,4229,0,2019-04-23,"6,4",5,0,1,0,1,0,1,,
mybatis/spring-boot-starter,4217,32,2015-09-25,"9,98",4431,"4,52","1,22","16,18",175,3015,115,,
ChadCSong/ShineButton,4215,2,2016-07-05,"9,2",988,"4,83","1,62","23,62",24,69,13,,
jboss-javassist/javassist,4215,24,2013-05-24,"12,31",83226,"3,39","1,55","43,91",1110,22550,557,,
nining377/dolby_beta,4210,37,2020-05-19,"5,33",7302,"4,15","1,45","7,95",185,1213,103,,
microsoft/malmo,4201,21,2016-05-17,"9,33",19130,"7,05","2,14","12,85",278,5414,143,,
apache/streampark,4200,15,2019-05-27,"6,31",23717,"7,47","1,28","18,97",561,13404,497,,
yhaolpz/FloatWindow,4197,9,2017-11-14,"7,84",1473,"3,77","1,27","9,73",44,159,29,,
hugeterry/CoordinatorTabLayout,4197,0,2017-01-27,"8,63",473,"5,29","1,41","9,41",17,128,14,,
codingapi/tx-lcn,4196,14,2017-11-11,"7,85",7772,"4,95","1,21","6,34",222,2787,224,,
powermock/powermock,4191,16,2014-05-28,"11,3",32976,"3,44","1,24","22,71",1269,20709,940,,
Jacksgong/JKeyboardPanelSwitch,4189,14,2015-07-01,"10,21",1736,"5,2","1,3","7,38",50,916,26,,
zendesk/maxwell,4185,214,2015-02-09,"10,6",17755,"6,11","1,62","32,14",312,1791,258,,
aws/aws-sdk-java,4178,0,2010-03-22,"15,49",8601503,7,"1,21","123,25",170079,12462144,153099,,
bingoogolapple/BGABanner-Android,4177,0,2014-10-25,"10,89",2123,5,"1,58","26,28",53,361,31,,
tencentmusic/supersonic,4178,15,2023-06-12,"2,26",46371,"6,28","1,29","46,08",1136,2944,1066,,
oddfar/campus-imaotai,4158,11,2023-07-07,"2,2",7728,"6,34","1,41","20,38",218,5512,210,,
alibaba/fastjson2,4150,58,2022-04-17,"3,42",412213,"2,64","1,19","284,1",9487,34525,4332,,
dromara/hmily,4143,0,2017-09-28,"7,97",27504,"5,37","1,22","10,65",877,24713,814,,
geoserver/geoserver,4137,62,2011-11-10,"13,85",764176,"7,24","1,82","43,95",12255,239242,8195,,
karma9874/AndroRAT,4121,0,2020-03-22,"5,49",1793,"2,87","1,16","1,38",55,20,21,,
dinuscxj/LoadingDrawable,4115,0,2016-04-16,"9,42",4428,"6,51","1,45","15,83",65,182,30,,
pqpo/SmartCropper,4092,13,2017-08-03,"8,12",1021,"6,25","1,33","122,5",12,142,7,,
Manabu-GT/ExpandableTextView,4084,4,2014-05-17,"11,33",552,"5,13","1,73","11,8",15,76,3,,
DTStack/chunjun,4084,30,2018-04-03,"7,46",104308,"7,14","1,57","20,84",1916,36695,1628,,
qunarcorp/bistoury,4083,8,2019-08-01,"6,13",73638,"4,84","1,28","21,42",1361,25036,993,,
code4craft/tiny-spring,4080,0,2014-01-10,"11,68",1543,"3,08","1,15","2,37",106,871,102,,
rubensousa/ViewPagerCards,4072,0,2016-08-20,"9,07",240,"5,33","1,56","2,22",9,15,9,,
oblac/jodd,4072,37,2012-09-07,"13,02",26882,"3,99","1,44","12,95",728,23906,662,,
freeok/so-novel,4063,46,2022-05-23,"3,32",2871,"6,01","1,17","2,64",81,679,71,,
luckybilly/CC,4045,0,2017-11-23,"7,81",4599,"4,97","1,26","16,32",120,1259,71,,
oldmanpushcart/greys-anatomy,4026,0,2012-11-21,"12,82",10774,"4,07","1,15","6,77",240,3045,108,,
xcltapestry/XCL-Charts,4020,0,2014-06-09,"11,27",23397,"7,74","2,18","49,04",327,13392,204,,
jMonkeyEngine/jmonkeyengine,4020,76,2014-03-20,"11,49",202967,"6,69","1,62","53,89",3194,140023,1954,,
JabRef/jabref,4018,45,2014-03-11,"11,52",0,0,0,0,0,26777,2544,,
LibrePDF/OpenPDF,4005,83,2016-07-11,"9,18",154011,"5,94","1,86","91,47",1745,97484,1333,,
lcodecorex/TwinklingRefreshLayout,4002,0,2016-03-02,"9,54",6273,"4,28","1,37","36,27",151,800,59,,
knowm/XChange,4001,0,2012-02-02,"13,62",148793,"5,95","1,5","25,18",4930,25953,4339,,
jetty/jetty.project,4000,132,2011-07-14,"14,18",719787,"5,57","1,63","25,36",14963,195534,6135,,
Yalantis/Phoenix,3999,1,2015-01-12,"10,68",976,"4,33","1,67","7,54",24,44,9,,
jbloch/effective-java-3e-source-code,3997,0,2018-08-03,"7,12",3018,"1,13","1,19","1,33",202,743,166,,
makovkastar/FloatingActionButton,3993,0,2014-07-22,"11,15",1014,"5,67","1,81","37,59",27,16,10,,
bitcoin-wallet/bitcoin-wallet,3992,0,2012-03-31,"13,46",18379,"7,53","1,71","5,41",387,3338,155,,
Piasy/BigImageViewer,3986,0,2016-11-06,"8,86",2513,"4,61","1,29","12,81",84,998,40,,
orhanobut/hawk,3980,22,2015-02-19,"10,57",834,"3,62","1,04","12,96",26,230,20,,
mercyblitz/tech-weekly,3979,0,2018-12-03,"6,79",1391,"2,89","1,02","2,12",81,459,71,,
qstumn/BadgeView,3978,5,2017-02-08,"8,6",1759,"4,34","1,31","49,89",35,63,13,,
torakiki/pdfsam,3976,66,2013-09-24,"11,98",19305,"6,96","1,4","4,83",638,14427,608,,
lilishop/lilishop,3969,3,2021-05-14,"4,34",42828,"7,61","1,32","13,32",1552,32987,1529,,
JeremyLiao/LiveEventBus,3966,0,2018-07-11,"7,18",7782,"3,23","1,11","4,04",308,1137,113,,
lukas-krecan/ShedLock,3968,0,2016-12-11,"8,76",11325,"5,92","2,19","7,32",391,4824,344,,
zzhoujay/RichText,3960,0,2015-07-21,"10,16",5185,"4,27","1,45","10,55",132,1004,86,,
awaitility/awaitility,3960,0,2010-01-22,"15,65",5473,"3,18","1,19","18,58",170,3988,122,,
RipMeApp/ripme,3958,143,2017-01-06,"8,69",19889,"5,01","2,54","28,17",320,2624,267,,
fishercoder1534/Leetcode,3956,0,2016-07-31,"9,13",140344,"1,55",1,"0,29",5141,6993,2844,,
binIoter/GuideView,3952,0,2016-06-19,"9,24",1246,"3,74","1,37","8,23",35,358,16,,
googlesamples/mlkit,3952,1,2020-05-28,"5,3",9937,"7,67","1,53","8,12",191,3086,110,,
tronprotocol/java-tron,3948,80,2017-12-26,"7,72",150655,"8,86","1,76","80,76",1652,15908,1360,,
JoanZapata/android-iconify,3943,0,2013-06-12,"12,26",909,"3,51","1,23","5,19",43,170,35,,
Querz/mcaselector,3945,72,2018-04-22,"7,4",36373,"6,85","2,44","22,18",531,944,299,,
linyiqun/DataMiningAlgorithm,3928,0,2015-01-11,"10,68",11663,"2,29","1,09","9,96",126,4234,112,,
rengwuxian/RxJavaSamples,3927,3,2016-03-24,"9,48",1001,"4,55","1,4","1,6",53,26,24,,
pingfangushi/screw,3922,0,2020-06-21,"5,24",3941,"4,99","1,35","5,24",136,8093,179,,
iterate-ch/cyberduck,3919,0,2017-01-20,"8,65",297590,"6,46","1,35","65,49",7509,127890,4472,,
JFormDesigner/FlatLaf,3916,87,2019-08-19,"6,08",73530,"3,82","3,68","64,83",846,26543,437,,
promeG/TinyPinyin,3915,2,2015-09-30,"9,96",1401,"2,06","1,09","8,75",65,269,33,,
bluelinelabs/Conductor,3908,36,2016-03-16,"9,5",5385,"5,48","1,35","71,34",86,917,36,,
ReChronoRain/HyperCeiler,3906,7,2023-10-27,"1,89",0,0,0,0,0,13723,722,,
shuzijun/leetcode-editor,3900,55,2019-03-19,"6,49",13421,"6,33","1,74","20,14",301,1096,180,,
sofastack/sofa-rpc,3896,63,2018-04-09,"7,44",72302,"5,22","1,32","24,51",1527,43767,1211,,
databricks/learning-spark,3894,0,2014-06-16,"11,25",2295,"2,83","1,02","1,8",133,213,40,,
JavaNoober/BackgroundLibrary,3892,13,2018-09-09,"7,02",8029,"4,79","1,21","34,18",119,299,98,,
Exrick/xboot,3888,6,2018-04-23,"7,4",10265,"7,42","1,21","2,66",349,5585,327,,
VaughnVernon/IDDD_Samples,3886,0,2013-04-08,"12,44",28475,"4,74","1,66","27,33",651,7710,512,,
amirzaidi/Launcher3,3886,22,2017-05-30,"8,3",60130,"7,24","1,47","63,68",990,13613,405,,
vipulasri/Timeline-View,3884,15,2015-12-15,"9,75",418,9,"1,5","453,5",2,145,2,,
M66B/FairEmail,3874,2215,2018-08-02,"7,12",243380,"4,73","1,27","33,45",4247,60911,828,,
wendux/DSBridge-Android,3855,2,2017-01-02,"8,7",1841,"2,98","1,11","15,98",47,118,13,,
uber/NullAway,3849,30,2017-09-01,"8,04",23452,"4,55","1,22","51,63",577,9738,308,,
kubernetes-client/java,3833,55,2017-05-08,"8,36",2006032,"6,97","1,6","192,16",11705,618653,3117,,
aurelhubert/ahbottomnavigation,3830,14,2016-03-17,"9,5",2339,"5,11","1,17","57,48",46,668,14,,
google/bundletool,3827,63,2018-05-04,"7,37",54318,"9,7","1,27","82,6",873,18522,663,,
MiguelCatalan/MaterialSearchView,3824,6,2015-09-14,10,1361,"4,05","1,32","22,66",41,149,12,,
react-native-share/react-native-share,3821,139,2015-09-30,"9,96",1792,"5,59","2,07","8,61",41,211,35,,
yanzhenjie/AndServer,3818,1,2016-06-14,"9,26",12029,"5,02","1,54","48,05",214,7943,186,,
uknownothingsnow/CircleProgress,3813,0,2014-10-30,"10,88",1451,"5,76","1,68","85,76",25,225,15,,
ZHENFENG13/My-Blog,3813,0,2019-03-04,"6,54",2411,"4,76","1,05","29,55",58,476,58,,
jishenghua/jshERP,3811,6,2016-09-20,"8,99",71055,"5,83","1,33","1674,7",360,4920,262,,
Helium314/HeliBoard,3809,50,2022-03-09,"3,52",23194,"6,67","1,47","71,06",237,6562,156,,
Dimezis/BlurView,3801,31,2016-04-21,"9,4",930,"5,9","1,5",7,30,215,20,,
camunda/camunda,3799,469,2016-03-20,"9,49",613537,"7,18","1,4","28,7",14832,215968,12047,,
shopizer-ecommerce/shopizer,3795,18,2012-11-21,"12,82",53489,"7,94","1,68","34,15",1233,11904,1210,,
gh0stkey/HaE,3796,77,2020-03-24,"5,48",3968,"4,15","1,66","11,91",67,172,30,,
sunfusheng/MarqueeView,3792,0,2016-06-01,"9,29",804,"5,41","1,36","5,45",22,84,10,,
ageerle/ruoyi-ai,3788,6,2024-01-16,"1,67",26041,"6,38","1,28","13,33",823,19590,752,,
fesh0r/fernflower,3784,0,2014-10-03,"10,95",55184,"4,42","1,23","37,57",698,3561,474,,
mpusher/mpush,3780,9,2016-04-28,"9,39",15032,"4,73","1,34","24,57",398,8767,323,,
watabou/pixel-dungeon,3778,0,2014-07-26,"11,14",38623,"5,72","2,54","12,42",839,8700,505,,
mcxtzhang/SwipeDelMenuLayout,3773,2,2016-08-25,"9,06",1085,"3,1","1,25","5,2",40,312,10,,
lygttpod/SuperTextView,3772,39,2016-10-19,"8,91",4002,"3,05","1,16","141,67",86,1439,16,,
CameraKit/blurkit-android,3767,3,2016-11-06,"8,86",497,"6,1","1,5","30,3",10,129,8,,
MovingBlocks/Terasology,3759,70,2011-03-04,"14,54",111591,"6,1","1,45","25,03",2810,30059,2257,,
Ereza/CustomActivityOnCrash,3753,12,2014-07-04,"11,2",893,"5,4","1,33","32,33",15,475,7,,
roboguice/roboguice,3752,0,2012-08-12,"13,09",74026,"4,5","1,22","7,13",3335,19868,697,,
zhpanvip/BannerViewPager,3750,59,2017-03-28,"8,47",3154,"5,41","1,41","47,82",73,1116,61,,
apache/kylin,3748,2,2015-01-03,"10,7",317802,"7,8","1,5","137,61",4765,78060,3496,,
AsamK/signal-cli,3747,103,2015-05-11,"10,35",26922,"6,97","1,58","48,2",491,560,399,,
sofastack/sofa-jraft,3744,32,2019-03-04,"6,54",137595,"6,23","1,46","76,5",1438,34061,868,,
RoaringBitmap/RoaringBitmap,3739,39,2013-06-17,"12,25",78416,"5,59","1,14","259,59",638,12683,385,,
spotbugs/spotbugs,3736,70,2016-11-04,"8,86",217154,"4,08","1,37","25,77",5270,71871,3419,,
JCTools/JCTools,3729,18,2013-11-10,"11,85",37082,"4,6","3,91","19,97",788,13400,350,,
ethanhua/Skeleton,3724,0,2017-07-30,"8,13",752,"3,73","1,24","4,61",33,94,17,,
Atmosphere/atmosphere,3719,0,2010-06-30,"15,21",36660,"5,5","1,31","55,03",741,15485,352,,
willowtreeapps/spruce-android,3718,3,2017-02-23,"8,56",4269,"4,86","1,37","5,35",122,2541,55,,
stfalcon-studio/ChatKit,3715,1,2017-02-02,"8,62",4680,"5,77","2,9","35,48",108,1309,51,,
ByteLegend/ByteLegend,3716,0,2021-02-01,"4,62",104032,"6,98",1,"727,84",295,5421,43,,
ryanhoo/StylishMusicPlayer,3706,0,2016-09-13,"9,01",5777,"5,03","1,31","13,22",194,908,83,,
liuyubobobo/Play-with-Algorithms,3705,0,2016-07-05,"9,2",5287,"2,89","1,01","5,2",133,4695,363,,
yanzhenjie/NoHttp,3702,0,2015-07-29,"10,14",8428,"4,46","1,5","45,65",228,5944,151,,
rbmonster/learning-note,3700,0,2020-06-15,"5,25",13368,"2,19","1,17","2,89",658,6430,471,,
nICEnnnnnnnLee/BilibiliDown,3702,80,2019-01-23,"6,65",19838,"4,21","1,72","42,02",262,6804,182,,
javahuang/SurveyKing,3699,3,2021-09-06,"4,03",9237,"5,17","1,23","7,83",400,4910,343,,
undertow-io/undertow,3694,9,2012-07-19,"13,16",161850,"5,2","1,24","36,65",3098,49084,1457,,
jtablesaw/tablesaw,3690,79,2016-01-01,"9,71",48467,"6,27","1,28","108,53",765,11533,514,,
Creators-of-Create/Create,3687,0,2019-07-18,"6,17",150481,"10,76","1,82","27,79",2531,4034,1980,,
lihangleo2/ShadowLayout,3678,28,2019-07-09,"6,19",3437,4,"1,14","21,62",65,620,15,,
helidon-io/helidon,3677,131,2018-08-27,"7,06",405029,"5,61","1,44","27,55",9778,263040,7053,,
yangfuhai/ASimpleCache,3674,0,2013-07-28,"12,14",1993,"4,45","1,45","38,52",29,802,14,,
yacy/yacy_search_server,3674,0,2015-03-22,"10,49",154686,"5,58","1,39","43,31",1419,61974,953,,
dingjikerbo/Android-BluetoothKit,3673,0,2015-10-08,"9,94",8347,"4,07","1,24","18,7",241,718,151,,
networknt/light-4j,3672,192,2016-09-09,"9,02",68776,"4,57","1,17","23,31",1235,25934,851,,
lisawray/groupie,3671,28,2016-09-01,"9,04",3898,"5,1","1,83","29,9",93,507,61,,
grpc-ecosystem/grpc-spring,3669,34,2016-12-30,"8,71",10752,"6,61","1,48","5,37",418,9580,306,,
KunMinX/Linkage-RecyclerView,3667,0,2019-04-22,"6,4",2552,"6,4","1,55","10,39",75,850,35,,
linkedin/databus,3667,0,2012-12-17,"12,74",124341,"5,53","1,36","46,73",1516,35741,803,,
coderbruis/JavaSourceCodeLearning,3667,0,2020-06-02,"5,29",6045,"2,85","1,26","3,14",317,2399,259,,
tchiotludo/akhq,3653,42,2018-09-09,"7,02",17372,"8,2","1,29","29,01",305,1338,209,,
PlexPt/chatgpt-java,3644,24,2022-12-07,"2,78",2010,"5,28","1,28","14,59",69,831,58,,
litesuits/android-common,3641,0,2014-05-29,"11,3",6519,"3,52","1,25","124,35",85,5735,60,,
microservices-patterns/ftgo-application,3628,0,2017-10-23,"7,9",6868,"5,35","1,19","8,19",370,188,337,,
huburt-Hu/NewbieGuide,3621,20,2017-07-28,"8,14",1896,"4,31","1,18","10,44",78,394,31,,
FasterXML/jackson-databind,3620,0,2011-12-23,"13,73",162137,"3,77","1,71","24,21",5236,58467,1254,,
uncle-novel/uncle-novel,3614,1,2018-12-11,"6,77",16991,"7,29","1,66","10,42",269,6711,222,,
rockerhieu/emojicon,3612,2,2014-01-18,"11,66",2971,"5,15","1,56","6,77",39,557,24,,
blossom-editor/blossom,3613,19,2023-08-07,"2,11",13365,"5,72","1,34","6,98",435,10536,399,,
alibaba/Alink,3609,22,2018-09-30,"6,96",475597,"6,44","1,63","34,7",8181,73721,5266,,
spockframework/spock,3608,26,2010-12-12,"14,76",25489,"5,41","1,45","34,74",726,16512,661,,
Mojang/brigadier,3601,3,2014-09-15,11,4312,"6,64","1,15","44,55",85,452,74,,
spring-io/initializr,3597,17,2013-06-07,"12,27",31773,"5,91","1,27","33,73",738,18368,608,,
tyrantgit/ExplosionField,3592,0,2015-09-23,"9,98",343,"4,9","1,5","4,3",10,51,6,,
mbechler/marshalsec,3592,0,2017-05-22,"8,32",2214,"7,29","1,82","14,58",72,1830,64,,
kikoso/android-stackblur,3591,0,2013-08-15,"12,09",933,"1,76","1,1","0,59",41,197,12,,
dtinit/data-transfer-project,3590,61,2018-01-04,"7,7",33617,"6,84","1,27","6,88",927,13713,792,,
vert-x3/vertx-examples,3583,0,2015-02-24,"10,56",9055,"5,34","1,82","1,02",451,2487,423,,
dongjunkun/DropDownMenu,3582,2,2015-06-23,"10,23",513,"4,53","1,37","2,16",19,85,9,,
WVector/AppUpdate,3579,3,2017-06-19,"8,24",2925,"4,44","1,16","37,14",64,1059,27,,
hmkcode/Android,3578,0,2013-09-02,"12,04",1387,"4,7","1,66","2,14",56,282,61,,
googlemaps/android-maps-utils,3576,56,2013-05-17,"12,33",13967,"7,12","1,68","37,37",219,7473,146,,
OpenHFT/Chronicle-Queue,3575,534,2013-06-02,"12,29",27561,"5,49","1,59","177,4",499,8662,326,,
IrisShaders/Iris,3573,140,2020-10-22,"4,9",37890,"6,25","1,32","22,64",912,5347,722,,
davideas/FlexibleAdapter,3570,30,2015-05-02,"10,37",15853,"6,02","2,11","102,31",326,9024,147,,
DataLinkDC/dinky,3567,31,2021-06-09,"4,27",59130,"7,13","1,36","25,93",1333,44999,1382,,
fabric8io/kubernetes-client,3566,124,2015-07-09,"10,19",369320,"21,94","1,12","84,86",7777,193107,7072,,
code4craft/netty-learning,3558,0,2013-09-19,"11,99",68759,"5,06","1,65","39,25",1164,40431,867,,
dropbox/hackpad,3555,0,2015-08-14,"10,09",87731,"5,09","1,81","152,3",619,31692,350,,
bilibili/MagicaSakura,3553,3,2016-06-23,"9,23",5367,"8,3","1,68","25,44",84,1033,51,,
johncarl81/parceler,3544,0,2013-07-03,"12,21",10156,"4,69","1,35","16,59",440,3343,181,,
springdoc/springdoc-openapi,3542,96,2019-07-11,"6,18",54288,"3,93","1,31","9,06",3750,136257,4209,,
anggrayudi/android-hidden-api,3535,2,2015-09-16,10,478,8,1,"56,5",4,349,2,,
arimorty/floatingsearchview,3535,0,2015-11-22,"9,82",4170,"3,57","1,18","26,28",135,893,23,,
HelloWorld521/Java,3537,0,2016-12-08,"8,77",2697,"3,81","1,42","5,1",124,1067,123,,
fyhertz/libstreaming,3534,0,2013-01-30,"12,62",6798,"3,57","1,42","23,29",89,2194,38,,
LinShunKang/MyPerf4J,3534,23,2018-03-11,"7,52",10298,"4,1","1,17","10,61",306,1446,264,,
luontola/retrolambda,3530,0,2013-07-20,"12,16",4848,"2,48","1,41",9,240,604,80,,
spring-cloud/spring-cloud-kubernetes,3522,32,2016-12-13,"8,76",31806,"7,89","1,26","4,97",1091,16620,923,,
andremion/Music-Player,3522,2,2016-05-06,"9,36",926,"4,41","1,75","5,03",32,270,15,,
apache/logging-log4j2,3521,15,2013-06-12,"12,26",167654,"5,5","1,51","46,09",3437,99086,2562,,
Netflix/maestro,3519,0,2024-04-17,"1,42",52592,"8,36","1,62","28,97",1016,16619,797,,
dariuszseweryn/RxAndroidBle,3516,60,2016-02-04,"9,62",15479,"5,37","1,31","53,48",477,3431,255,,
immutables/immutables,3516,15,2013-07-07,"12,19",71038,"4,68","1,28","30,61",2736,24066,1297,,
lsjwzh/RecyclerViewPager,3515,10,2015-01-17,"10,66",2735,"4,31","1,49","9,97",71,204,25,,
1024-lab/smart-admin,3512,22,2019-11-16,"5,83",12870,"6,41","1,23","3,79",572,20725,1120,,
codeestX/GeekNews,3504,0,2016-08-07,"9,11",11939,"4,63","1,45","10,01",439,1792,194,,
cSploit/android,3503,33,2014-10-04,"10,95",22657,"4,21","1,52","15,65",512,3055,172,,
baoyongzhang/SwipeMenuListView,3503,2,2014-08-24,"11,06",1347,"4,39","1,45","15,24",33,237,14,,
lenve/JavaEETest,3497,0,2016-12-13,"8,76",2133,"3,52","1,1","3,27",154,730,209,,
dromara/liteflow,3500,0,2020-03-25,"5,48",42566,"4,96","1,8","15,01",1965,21847,3376,,
TNG/ArchUnit,3493,43,2017-04-21,"8,41",80126,"3,61","1,28","39,5",3672,16249,1317,,
KingJA/LoadSir,3491,6,2017-09-02,"8,04",1481,"5,19","1,55","4,01",74,366,46,,
AxonFramework/AxonFramework,3489,136,2011-12-02,"13,79",144877,"6,48","1,28","16,43",3836,101490,2341,,
ittianyu/BottomNavigationViewEx,3476,19,2016-11-12,"8,84",1371,"4,9","1,59","50,14",29,548,14,,
phodal/migration,3464,0,2020-01-08,"5,69",101,"1,42",1,"0,08",12,11,13,,
RikkaApps/Sui,3464,21,2021-01-03,"4,7",4514,"4,93","1,18","14,55",89,1765,68,,
rubensousa/PreviewSeekBar,3459,10,2017-01-24,"8,64",1166,"5,65","1,17","28,17",23,396,11,,
eclipse-openj9/openj9,3460,53,2017-08-25,"8,06",0,0,0,0,0,247103,5074,,
ferredoxin/QNotified,3456,28,2019-03-24,"6,48",35499,"6,01","1,63","47,77",511,7153,295,,
Grt1228/chatgpt-java,3457,10,2023-02-11,"2,6",3866,"6,74","1,1","11,93",201,3589,158,,
Netflix/concurrency-limits,3457,102,2017-12-11,"7,76",5131,"4,61","1,28","8,28",128,1645,79,,
freeplane/freeplane,3455,12,2012-09-13,"13,01",165566,"4,55","1,56","48,43",3558,37180,1860,,
alamkanak/Android-Week-View,3449,4,2014-09-17,11,2003,"3,63","1,26","238,33",27,584,12,,
apache/fory,3440,49,2023-04-28,"2,39",78430,"5,32","2,2","38,55",1430,17126,557,,
rom1v/sndcpy,3435,2,2020-06-09,"5,27",214,"7,75",2,"20,25",4,3,2,,
sherxon/AlgoDS,3433,0,2016-12-16,"8,75",21217,"1,34",1,"1,41",710,3291,621,,
guolindev/giffun,3431,0,2019-01-28,"6,63",22397,"5,38","1,28","25,34",478,10693,306,,
WinterChenS/my-site,3426,0,2018-05-03,"7,37",3496,"6,19","1,19","35,02",90,1847,79,,
woxingxiao/BubbleSeekBar,3421,12,2016-11-03,"8,87",1958,"4,9","1,3","91,7",30,203,11,,
GitLqr/LQRWeChat,3420,0,2017-02-07,"8,61",17612,"5,01","1,42","18,94",386,3002,233,,
getActivity/Toaster,3417,36,2018-09-16,7,1433,"4,57","1,34","39,51",35,545,25,,
google/volley,3414,9,2017-01-24,"8,64",9295,"5,19","1,7","12,29",231,4051,98,,
apache/incubator-kie-optaplanner,3414,6,2011-02-15,"14,58",155526,"7,25","1,84","49,22",3215,78105,2813,,
yigit/android-priority-jobqueue,3391,0,2014-06-20,"11,24",14102,"4,79","1,72","10,84",379,1800,172,,
apache/linkis,3390,32,2019-07-23,"6,15",89059,"4,58","1,34","38,61",2230,42085,2105,,
portfolio-performance/portfolio,3387,247,2012-03-24,"13,48",275390,"7,5","1,4","82,42",2603,48828,1408,,
kevinsawicki/http-request,3369,0,2011-10-21,"13,9",4876,"2,24","1,11","78,51",168,2459,4,,
uber/AutoDispose,3368,4,2016-12-22,"8,73",5399,"7,8","1,38","20,77",133,3069,107,,
abel533/MyBatis-Spring-Boot,3366,0,2015-12-19,"9,74",396,"5,2","1,25","5,2",20,542,20,,
amitshekhariitbhu/PRDownloader,3362,8,2017-11-11,"7,84",4709,"2,34","1,04","9,54",160,245,46,,
cropsly/ffmpeg-android-java,3354,8,2014-09-11,"11,01",1306,"2,91","1,45","7,72",47,101,33,,
aragozin/jvm-tools,3342,0,2012-04-28,"13,39",33940,"4,17","1,21","20,65",622,4389,335,,
EngineHub/WorldEdit,3339,0,2010-09-28,"14,97",82391,"6,56","1,34","29,67",1520,37286,1031,,
Haleydu/Cimoc,3338,61,2020-07-09,"5,19",26130,"5,87","1,5","23,27",605,2896,252,,
dunwu/javacore,3330,0,2017-08-18,"8,08",21245,"0,98","1,13","1,73",1122,5867,773,,
luojilab/DDComponentForAndroid,3331,4,2017-09-07,"8,02",1449,"3,1","1,31","6,71",51,433,47,,
iammert/ScalingLayout,3320,4,2017-10-01,"7,96",631,"3,33","1,22","4,33",27,136,12,,
loks666/get_jobs,3346,2,2024-03-07,"1,52",3444,"4,47",1,31,51,1340,36,,
ivacf/archi,3318,0,2015-09-11,"10,02",2029,"5,46","1,23","1,53",70,51,38,,
wix/react-native-notifications,3316,28,2016-04-06,"9,45",1567,"5,76","1,35","10,98",51,118,41,,
aeron-io/simple-binary-encoding,3312,99,2013-09-03,"12,04",31074,"6,99","1,13","295,23",228,7562,189,,
chenBingX/SuperTextView,3311,33,2017-04-17,"8,42",4733,"3,39","1,15","86,58",120,2041,42,,
trojan-gfw/igniter,3308,33,2018-11-08,"6,85",6122,"4,56","1,22","15,81",177,399,72,,
gouthampradhan/leetcode,3304,0,2017-03-09,"8,52",20020,"1,61",1,"1,15",625,11559,459,,
Guardsquare/proguard,3302,32,2019-03-27,"6,48",33209,"9,25","1,23","58,62",578,24505,425,,
chengxy-nds/Springboot-Notebook,3298,0,2020-06-29,"5,22",7523,"4,27","1,06","56,33",255,2895,233,,
shekhargulati/99-problems,3297,0,2015-11-22,"9,82",2057,"1,7",1,"1,68",133,418,125,,
mmin18/RealtimeBlurView,3297,0,2016-09-21,"8,99",676,"6,33","1,8","5,8",15,58,10,,
dotintent/react-native-ble-plx,3294,30,2016-07-27,"9,14",3817,"3,67","1,09","26,83",119,72,50,,
eishay/jvm-serializers,3292,0,2010-04-25,"15,39",31495,"6,53","1,86","45,06",358,3074,141,,
Oleg-Beloy/ChipsLayoutManager,3285,11,2016-08-03,"9,12",6101,"5,13","1,33","17,36",236,931,196,,
Tencent/spring-cloud-tencent,3285,173,2021-07-29,"4,13",35412,"5,96","1,07","15,48",1048,20231,845,,
KeepSafe/ReLinker,3279,12,2015-10-15,"9,92",1224,"3,21","1,3","4,4",43,403,24,,
UnevenSoftware/LeafPic,3278,7,2016-01-07,"9,69",13594,"6,05","1,46","21,85",281,2579,139,,
elvishew/xLog,3273,17,2015-12-17,"9,75",4854,"2,89","1,17","34,49",138,3962,80,,
apache/maven-mvnd,3273,41,2019-09-21,"5,98",12908,"4,39","1,6","12,02",287,4604,200,,
bastillion-io/Bastillion,3268,18,2013-02-07,"12,6",5166,"7,25","1,33","33,03",64,1823,59,,
jenly1314/ZXingLite,3268,43,2018-08-09,"7,1",935,"8,24","1,82","56,71",17,841,17,,
eleme/UETool,3265,10,2018-05-16,"7,34",4165,"5,61","1,74","7,96",113,64,55,,
guoguibing/librec,3264,3,2014-01-09,"11,69",30216,"6,86","2,06","24,65",479,22261,418,,
android-notes/Cockroach,3263,1,2017-02-14,"8,59",1562,"3,23","1,18","3,33",57,107,20,,
oasisfeng/island,3262,50,2016-04-23,"9,4",7631,"6,8","1,52","52,11",183,1529,99,,
apache/tika,3260,0,2009-05-21,"16,32",142672,"6,07","1,57","27,48",2237,63307,1686,,
jfinal/jfinal,3256,0,2012-04-25,"13,39",34308,"4,6","1,48","79,87",589,17929,451,,
java-aodeng/hope-boot,3254,2,2018-10-17,"6,92",2870,"5,68","1,26","6,27",121,2416,113,,
nageoffer/12306,3251,0,2023-05-30,"2,3",8660,"5,05","1,2","2,71",418,12874,414,,
wenbochang888/house,3245,0,2018-11-02,"6,87",126,"3,43",1,"0,57",7,35,7,,
aserbao/AndroidCamera,3244,1,2018-05-04,"7,37",33140,"4,74","1,44","26,03",469,5637,210,,
emanuele-f/PCAPdroid,3249,67,2020-01-06,"5,69",16969,"9,35","1,61","95,09",208,3117,115,,
tangqi92/Android-Tips,3239,0,2015-09-10,"10,02",177,1,1,"0,57",7,20,4,,
Neamar/KISS,3230,102,2012-10-02,"12,96",15409,"7,85","1,63","23,38",234,2735,159,,
DependencyTrack/dependency-track,3231,72,2013-07-16,"12,17",58219,"9,02","1,53","113,47",706,19959,688,,
yangchong211/YCAppTool,3227,10,2017-09-28,"7,97",213622,"4,66","1,33","21,59",4713,70015,2538,,
bytedance/ByteX,3226,3,2020-01-10,"5,68",19647,"5,23","1,76","16,26",347,1997,266,,
pengjianbo/GalleryFinal,3222,4,2015-09-21,"9,99",7997,"5,57","1,43","45,53",131,2243,67,,
bethrobson/Head-First-Design-Patterns,3219,0,2014-04-28,"11,38",9734,"2,02","1,22","2,76",563,347,557,,
prometheus/jmx_exporter,3221,30,2014-02-25,"11,56",11373,"6,58","1,15","13,45",227,5961,181,,
alibaba/cobar,3216,1,2014-01-15,"11,67",63193,"4,81","1,69","40,06",1091,21672,887,,
ragunathjawahar/android-saripaar,3214,3,2012-09-08,"13,02",4723,"5,24","1,89","11,79",148,5371,147,,
daimajia/AndroidViewHover,3209,4,2014-08-08,"11,11",712,"3,58","1,21","65,37",19,35,5,,
noties/Markwon,3210,33,2017-05-18,"8,33",27351,"5,43","1,48","6,3",909,5725,394,,
WeBankFinTech/DataSphereStudio,3206,13,2019-11-24,"5,81",45995,"4,45","1,43","29,21",1357,17747,1203,,
bauerca/drag-sort-listview,3204,0,2012-06-01,"13,29",4301,"3,87","1,75","28,71",79,1417,24,,
java8/Java8InAction,3203,0,2013-10-28,"11,88",3724,"1,74","1,07","2,59",195,355,,3958,0
graphql-java/graphql-java,6196,93,2015-07-06,"10,2",0,0,0,0,0,0,0,,
lionsoul2014/ip2region,18152,3,2015-11-02,"9,87",1745,"3,47","1,21","4,76",38,390,33,,
bilibili/boxing,3188,1,2017-01-22,"8,65",5910,"6,64","1,36","20,91",137,1770,64,,
florent37/ShapeOfView,3195,0,2018-02-18,"7,58",2078,"5,17","1,8","29,02",46,20,24,,
bluelinelabs/LoganSquare,3192,0,2015-02-17,"10,58",6892,"3,86","1,75","8,65",192,648,166,,
Skykai521/StickerCamera,3179,0,2015-07-05,"10,2",14361,"4,09","1,86","37,74",317,5365,176,,
Athou/commafeed,3183,58,2013-03-20,"12,49",8316,"7,25","1,37","4,35",252,512,176,,
nicolasgramlich/AndEngine,3198,0,2011-11-22,"13,82",33585,"3,72","1,65","55,07",798,19215,596,,
evrencoskun/TableView,3173,12,2017-06-13,"8,26",5170,"6,65","1,63","57,73",107,3234,82,,
Marswin/MarsDaemon,3156,0,2015-12-25,"9,73",1010,"3,84","1,32","4,81",37,297,24,,
apache/curator,3155,2,2014-03-03,"11,54",0,0,0,0,0,24691,708,,
spring-projects/spring-data-jpa,3174,100,2010-11-11,"14,84",44012,"7,33","1,33","102,65",1009,19909,605,,
BruceEckel/OnJava8-Examples,3164,3,2015-04-20,"10,41",23147,"1,44","1,27","1,48",1882,13170,1073,,
qos-ch/logback,3158,3,2009-08-20,"16,07",52099,"4,46","1,73","16,53",1263,24835,1111,,
AdoptOpenJDK/jitwatch,3200,12,2013-09-30,"11,96",0,0,0,0,0,2269,334,,
,3958,0,2016-04-20,"9,41",0,0,0,0,0,0,0,,